user_id,show_id,subscription_plan,city,genre,content_type,watch_month,watch_day_of_week,watch_minutes,predicted_watch_minutes
U0374,S001,Basic,Mumbai,Action,Series,9,5,31,88.81
U0395,S001,Premium,Mumbai,Action,Series,6,3,143,136.83
U0217,S001,Free,Delhi,Action,Series,4,2,111,111.08
U0002,S001,Basic,Noida,Action,Series,9,5,42,62.88
U0361,S001,Free,Mumbai,Action,Series,3,4,142,128.9
U0460,S001,Free,Hyderabad,Action,Series,8,1,66,98.29
U0325,S001,Basic,Delhi,Action,Series,4,1,21,40.05
U0073,S001,Free,Noida,Action,Series,7,6,178,107.08
U0458,S001,Basic,Delhi,Action,Series,5,0,78,81.95
U0226,S001,Basic,Hyderabad,Action,Series,9,3,128,123.23
U0136,S001,Standard,Mumbai,Action,Series,5,0,132,113.94
U0292,S001,Free,Mumbai,Action,Series,7,4,160,140.02
U0270,S001,Free,Delhi,Action,Series,3,1,119,107.14
U0252,S001,Standard,Pune,Action,Series,5,2,13,48.78
U0029,S001,Free,Chennai,Action,Series,7,4,19,94.34
U0043,S001,Free,Chennai,Action,Series,7,5,118,98.47
U0072,S001,Free,Bangalore,Action,Series,8,2,117,119.47
U0301,S001,Free,Mumbai,Action,Series,5,5,154,133.96
U0220,S001,Free,Mumbai,Action,Series,8,6,17,45.0
U0419,S001,Free,Delhi,Action,Series,4,2,134,125.78
U0124,S001,Premium,Chennai,Action,Series,6,2,96,96.11
U0265,S001,Premium,Kolkata,Action,Series,4,0,129,129.78
U0362,S001,Standard,Delhi,Action,Series,4,2,102,104.99
U0478,S001,Free,Pune,Action,Series,6,3,136,120.23
U0380,S001,Standard,Bangalore,Action,Series,7,2,161,135.8
U0056,S001,Free,Bangalore,Action,Series,7,6,56,75.6
U0075,S001,Free,Kolkata,Action,Series,4,6,160,133.85
U0201,S001,Premium,Chennai,Action,Series,8,1,173,151.25
U0295,S001,Free,Noida,Action,Series,8,6,154,140.76
U0121,S001,Premium,Chennai,Action,Series,5,1,116,121.78
U0101,S001,Free,Hyderabad,Action,Series,4,5,33,113.31
U0438,S001,Free,Kolkata,Action,Series,4,4,109,117.45
U0198,S001,Premium,Kolkata,Action,Series,5,5,160,130.86
U0183,S001,Free,Hyderabad,Action,Series,5,2,90,91.4
U0314,S001,Standard,Mumbai,Action,Series,8,0,23,54.93
U0124,S001,Premium,Chennai,Action,Series,7,0,122,105.1
U0073,S001,Free,Noida,Action,Series,5,6,105,107.34
U0063,S001,Basic,Bangalore,Action,Series,8,6,119,115.88
U0314,S001,Standard,Mumbai,Action,Series,6,1,84,83.43
U0175,S001,Basic,Mumbai,Action,Series,3,0,28,53.66
U0246,S001,Basic,Noida,Action,Series,8,3,171,139.59
U0312,S001,Basic,Noida,Action,Series,8,1,102,105.01
U0339,S001,Free,Chennai,Action,Series,7,6,73,89.27
U0145,S001,Basic,Chennai,Action,Series,3,1,66,97.93
U0273,S001,Free,Mumbai,Action,Series,6,4,169,119.17
U0296,S001,Basic,Noida,Action,Series,6,0,123,92.76
U0076,S001,Free,Delhi,Action,Series,6,1,31,59.45
U0385,S001,Standard,Chennai,Action,Series,5,4,179,145.15
U0022,S001,Premium,Bangalore,Action,Series,8,6,159,138.39
U0480,S001,Standard,Chennai,Action,Series,7,1,56,76.5
U0043,S001,Free,Chennai,Action,Series,5,5,40,62.8
U0247,S001,Free,Mumbai,Action,Series,4,6,96,96.06
U0161,S001,Standard,Chennai,Action,Series,4,4,171,116.22625
U0355,S001,Standard,Kolkata,Action,Series,5,1,161,134.44
U0190,S001,Free,Bangalore,Action,Series,6,5,162,141.68
U0449,S001,Premium,Kolkata,Action,Series,6,6,10,48.39
U0378,S001,Standard,Hyderabad,Action,Series,4,3,89,110.91
U0034,S001,Standard,Pune,Action,Series,5,5,178,153.23
U0450,S001,Free,Mumbai,Action,Series,3,6,51,69.65
U0318,S001,Basic,Mumbai,Action,Series,7,5,58,69.64
U0393,S001,Premium,Chennai,Action,Series,9,2,163,140.28
U0175,S001,Basic,Mumbai,Action,Series,6,2,93,86.0
U0198,S001,Premium,Kolkata,Action,Series,8,5,141,139.67
U0181,S001,Basic,Bangalore,Action,Series,5,1,80,95.4
U0234,S001,Premium,Delhi,Action,Series,4,5,176,147.82
U0353,S001,Premium,Mumbai,Action,Series,6,4,140,130.99
U0217,S001,Free,Delhi,Action,Series,8,0,144,126.06
U0123,S001,Premium,Pune,Action,Series,4,1,108,121.84
U0411,S001,Free,Delhi,Action,Series,8,5,96,105.5
U0059,S001,Free,Hyderabad,Action,Series,7,1,108,89.88
U0462,S001,Standard,Kolkata,Action,Series,8,5,101,118.38
U0412,S001,Free,Bangalore,Action,Series,6,1,116,109.73
U0279,S001,Free,Kolkata,Action,Series,8,1,27,66.96
U0249,S001,Free,Hyderabad,Action,Series,8,1,158,99.26
U0323,S001,Premium,Delhi,Action,Series,6,4,10,52.16
U0246,S001,Basic,Noida,Action,Series,7,6,25,50.27
U0073,S001,Free,Noida,Action,Series,8,1,169,149.35
U0273,S001,Free,Mumbai,Action,Series,5,3,119,114.76
U0360,S001,Standard,Pune,Action,Series,5,2,65,78.87
U0440,S001,Free,Delhi,Action,Series,4,2,67,78.82
U0091,S001,Free,Delhi,Action,Series,6,5,90,110.73
U0357,S002,Basic,Chennai,Drama,Series,4,5,20,45.15
U0443,S002,Free,Pune,Drama,Series,7,3,133,116.09
U0360,S002,Standard,Pune,Drama,Series,6,5,97,100.42
U0233,S002,Free,Delhi,Drama,Series,4,2,72,77.5
U0288,S002,Premium,Delhi,Drama,Series,7,0,93,100.74
U0335,S002,Free,Chennai,Drama,Series,4,5,173,137.45
U0334,S002,Free,Noida,Drama,Series,4,2,128,102.28
U0028,S002,Premium,Kolkata,Drama,Series,4,1,172,96.65
U0126,S002,Free,Pune,Drama,Series,5,0,59,70.78
U0146,S002,Free,Delhi,Drama,Series,6,0,86,87.1
U0163,S002,Standard,Pune,Drama,Series,7,6,100,95.46
U0117,S002,Basic,Kolkata,Drama,Series,6,4,145,130.32
U0405,S002,Free,Delhi,Drama,Series,5,3,34,107.24
U0362,S002,Standard,Delhi,Drama,Series,8,4,19,57.58
U0121,S002,Premium,Chennai,Drama,Series,6,1,130,125.8
U0061,S002,Premium,Kolkata,Drama,Series,8,6,37,112.36
U0005,S002,Standard,Noida,Drama,Series,8,1,31,52.19
U0330,S002,Basic,Noida,Drama,Series,7,2,153,130.16
U0447,S002,Free,Noida,Drama,Series,7,5,162,148.26
U0395,S002,Premium,Mumbai,Drama,Series,8,4,117,113.96
U0272,S002,Standard,Delhi,Drama,Series,5,0,75,87.05
U0202,S002,Standard,Hyderabad,Drama,Series,5,1,60,90.75
U0117,S002,Basic,Kolkata,Drama,Series,7,5,102,111.89
U0167,S002,Free,Pune,Drama,Series,7,6,165,96.86
U0035,S002,Premium,Delhi,Drama,Series,8,3,113,105.45
U0375,S002,Basic,Noida,Drama,Series,5,0,133,116.77
U0100,S002,Standard,Chennai,Drama,Series,7,2,25,55.68
U0411,S002,Free,Delhi,Drama,Series,5,2,24,95.76
U0125,S002,Premium,Hyderabad,Drama,Series,9,3,26,57.51
U0450,S002,Free,Mumbai,Drama,Series,4,1,17,41.85
U0278,S002,Basic,Bangalore,Drama,Series,7,4,178,109.53
U0323,S002,Premium,Delhi,Drama,Series,7,3,125,120.8
U0443,S002,Free,Pune,Drama,Series,8,5,18,56.76
U0088,S002,Free,Kolkata,Drama,Series,7,3,113,110.84
U0356,S002,Basic,Delhi,Drama,Series,6,0,167,138.91
U0018,S002,Standard,Chennai,Drama,Series,5,6,72,76.96
U0085,S002,Basic,Bangalore,Drama,Series,4,0,143,121.65
U0420,S002,Basic,Bangalore,Drama,Series,5,0,37,62.53
U0434,S002,Free,Hyderabad,Drama,Series,8,5,150,143.93
U0375,S002,Basic,Noida,Drama,Series,7,6,154,90.8
U0175,S002,Basic,Mumbai,Drama,Series,5,1,104,101.45
U0471,S002,Basic,Mumbai,Drama,Series,6,3,150,124.28
U0181,S002,Basic,Bangalore,Drama,Series,4,3,125,108.91
U0138,S002,Basic,Kolkata,Drama,Series,6,6,69,88.35
U0199,S002,Basic,Hyderabad,Drama,Series,7,2,115,115.0
U0144,S002,Basic,Mumbai,Drama,Series,4,5,69,68.34
U0278,S002,Basic,Bangalore,Drama,Series,7,1,78,89.13
U0271,S002,Basic,Pune,Drama,Series,5,5,126,118.0
U0102,S002,Premium,Hyderabad,Drama,Series,7,2,178,157.4
U0099,S002,Premium,Noida,Drama,Series,8,3,136,121.8
U0425,S002,Basic,Kolkata,Drama,Series,5,6,34,56.41
U0142,S002,Free,Mumbai,Drama,Series,4,6,177,145.53
U0491,S002,Standard,Delhi,Drama,Series,6,4,98,99.09
U0400,S002,Premium,Pune,Drama,Series,6,6,156,96.07
U0481,S002,Basic,Pune,Drama,Series,5,6,89,84.61
U0111,S002,Basic,Noida,Drama,Series,6,0,102,102.08
U0349,S002,Basic,Chennai,Drama,Series,7,2,91,98.72
U0185,S002,Free,Pune,Drama,Series,4,5,18,45.96
U0250,S002,Premium,Hyderabad,Drama,Series,4,3,67,114.01
U0042,S002,Free,Delhi,Drama,Series,7,1,40,61.34
U0428,S002,Free,Chennai,Drama,Series,6,4,44,97.89011904761905
U0147,S002,Free,Kolkata,Drama,Series,9,4,19,41.75
U0317,S002,Basic,Bangalore,Drama,Series,6,5,64,71.11
U0090,S002,Free,Noida,Drama,Series,7,4,167,90.95
U0380,S002,Standard,Bangalore,Drama,Series,7,5,93,105.41
U0296,S002,Basic,Noida,Drama,Series,5,1,109,107.89
U0238,S002,Premium,Pune,Drama,Series,6,0,178,147.44
U0330,S002,Basic,Noida,Drama,Series,4,4,15,32.51
U0213,S002,Basic,Chennai,Drama,Series,5,0,27,101.42
U0493,S002,Basic,Delhi,Drama,Series,4,2,79,78.48
U0166,S002,Standard,Bangalore,Drama,Series,7,0,93,88.37
U0265,S002,Premium,Kolkata,Drama,Series,8,2,171,102.98
U0087,S002,Free,Kolkata,Drama,Series,4,5,159,134.54
U0101,S002,Free,Hyderabad,Drama,Series,8,6,151,132.79
U0300,S002,Free,Bangalore,Drama,Series,7,5,142,126.21
U0359,S002,Premium,Hyderabad,Drama,Series,5,1,155,130.19
U0186,S002,Free,Chennai,Drama,Series,5,3,44,62.83
U0261,S002,Free,Mumbai,Drama,Series,3,0,31,58.53
U0153,S002,Premium,Noida,Drama,Series,7,1,146,134.86
U0043,S002,Free,Chennai,Drama,Series,5,6,15,38.33
U0237,S002,Premium,Kolkata,Drama,Series,4,3,11,44.68
U0358,S002,Premium,Kolkata,Drama,Series,9,1,177,115.63
U0222,S002,Free,Pune,Drama,Series,6,2,120,104.38
U0298,S002,Basic,Noida,Drama,Series,5,6,146,117.88
U0096,S003,Premium,Chennai,Romance,Movie,4,0,132,118.12
U0490,S003,Basic,Bangalore,Romance,Movie,4,5,91,90.35
U0160,S003,Free,Kolkata,Romance,Movie,4,5,22,49.34
U0137,S003,Premium,Noida,Romance,Movie,8,2,162,112.88
U0365,S003,Free,Hyderabad,Romance,Movie,5,6,79,85.43
U0445,S003,Free,Bangalore,Romance,Movie,4,4,73,90.36
U0383,S003,Basic,Hyderabad,Romance,Movie,5,4,136,131.96
U0059,S003,Free,Hyderabad,Romance,Movie,8,1,165,132.11
U0268,S003,Premium,Pune,Romance,Movie,3,0,27,113.22
U0225,S003,Free,Hyderabad,Romance,Movie,5,0,35,114.29
U0119,S003,Free,Hyderabad,Romance,Movie,4,4,68,98.34
U0258,S003,Free,Pune,Romance,Movie,9,3,16,41.76
U0164,S003,Basic,Pune,Romance,Movie,7,5,82,95.53
U0262,S003,Standard,Bangalore,Romance,Movie,7,1,159,126.72
U0130,S003,Free,Chennai,Romance,Movie,9,6,29,49.28
U0436,S003,Free,Mumbai,Romance,Movie,4,3,178,148.16
U0393,S003,Premium,Chennai,Romance,Movie,5,3,158,128.86
U0232,S003,Basic,Bangalore,Romance,Movie,8,2,166,143.35
U0184,S003,Premium,Noida,Romance,Movie,3,1,127,121.06
U0261,S003,Free,Mumbai,Romance,Movie,6,4,141,89.21
U0104,S003,Standard,Delhi,Romance,Movie,4,5,73,92.16
U0426,S003,Standard,Chennai,Romance,Movie,4,3,55,78.32
U0498,S003,Free,Pune,Romance,Movie,5,1,138,110.61
U0138,S003,Basic,Kolkata,Romance,Movie,5,4,72,106.03
U0025,S003,Free,Hyderabad,Romance,Movie,4,3,106,105.81
U0133,S003,Standard,Mumbai,Romance,Movie,5,5,18,60.58
U0469,S003,Premium,Chennai,Romance,Movie,8,6,43,66.19
U0128,S003,Basic,Mumbai,Romance,Movie,5,0,13,91.89
U0190,S003,Free,Bangalore,Romance,Movie,6,5,156,130.49
U0357,S003,Basic,Chennai,Romance,Movie,5,5,170,73.5
U0324,S003,Standard,Delhi,Romance,Movie,7,1,74,90.0
U0166,S003,Standard,Bangalore,Romance,Movie,8,4,153,65.16
U0354,S003,Standard,Noida,Romance,Movie,4,2,165,131.04
U0476,S003,Standard,Pune,Romance,Movie,9,3,180,135.64
U0443,S003,Free,Pune,Romance,Movie,8,4,84,113.74
U0435,S003,Premium,Kolkata,Romance,Movie,7,5,51,71.89
U0294,S003,Free,Kolkata,Romance,Movie,8,5,78,92.19
U0152,S003,Basic,Bangalore,Romance,Movie,4,2,39,59.65
U0135,S003,Free,Kolkata,Romance,Movie,3,5,74,83.55
U0075,S003,Free,Kolkata,Romance,Movie,8,2,81,90.59
U0104,S003,Standard,Delhi,Romance,Movie,7,0,166,154.41
U0094,S003,Basic,Noida,Romance,Movie,3,5,108,100.71666666666665
U0385,S003,Standard,Chennai,Romance,Movie,3,3,120,116.19
U0372,S003,Basic,Kolkata,Romance,Movie,8,1,87,93.44
U0345,S003,Free,Pune,Romance,Movie,6,1,11,45.99
U0406,S003,Standard,Mumbai,Romance,Movie,6,0,143,126.16
U0434,S003,Free,Hyderabad,Romance,Movie,6,0,71,134.29
U0311,S003,Free,Hyderabad,Romance,Movie,3,1,175,151.4
U0339,S003,Free,Chennai,Romance,Movie,6,0,73,85.62
U0215,S003,Free,Bangalore,Romance,Movie,5,1,30,49.67
U0458,S003,Basic,Delhi,Romance,Movie,4,2,118,107.45
U0347,S003,Free,Hyderabad,Romance,Movie,8,3,104,115.05
U0369,S003,Standard,Mumbai,Romance,Movie,9,1,158,129.89
U0249,S003,Free,Hyderabad,Romance,Movie,9,0,57,119.59
U0222,S003,Free,Pune,Romance,Movie,7,0,165,136.28
U0206,S003,Premium,Hyderabad,Romance,Movie,8,5,147,129.92
U0044,S003,Basic,Hyderabad,Romance,Movie,7,3,84,122.55
U0151,S003,Basic,Noida,Romance,Movie,4,5,49,63.49
U0166,S003,Standard,Bangalore,Romance,Movie,6,1,17,45.04
U0337,S003,Basic,Bangalore,Romance,Movie,6,5,156,143.2
U0464,S003,Basic,Delhi,Romance,Movie,9,4,39,52.57
U0447,S003,Free,Noida,Romance,Movie,8,0,115,116.48
U0384,S003,Premium,Pune,Romance,Movie,4,1,94,119.52
U0493,S003,Basic,Delhi,Romance,Movie,4,3,21,48.5
U0273,S003,Free,Mumbai,Romance,Movie,7,5,167,128.11
U0016,S003,Free,Kolkata,Romance,Movie,8,5,56,70.3
U0147,S003,Free,Kolkata,Romance,Movie,8,5,145,96.26
U0333,S003,Free,Pune,Romance,Movie,9,2,18,54.77
U0496,S003,Standard,Hyderabad,Romance,Movie,6,6,55,87.97
U0143,S003,Free,Kolkata,Romance,Movie,8,3,130,99.48
U0196,S003,Basic,Bangalore,Romance,Movie,3,0,132,117.63
U0209,S003,Free,Hyderabad,Romance,Movie,6,0,142,132.24
U0048,S003,Basic,Chennai,Romance,Movie,5,6,125,107.94
U0196,S003,Basic,Bangalore,Romance,Movie,8,2,80,89.09
U0154,S003,Free,Mumbai,Romance,Movie,4,5,88,100.89
U0212,S003,Basic,Pune,Romance,Movie,6,0,77,88.87
U0271,S003,Basic,Pune,Romance,Movie,5,4,102,108.63
U0145,S003,Basic,Chennai,Romance,Movie,5,4,124,118.68
U0285,S003,Free,Mumbai,Romance,Movie,8,0,99,103.62
U0416,S003,Basic,Bangalore,Romance,Movie,6,4,152,132.18
U0312,S003,Basic,Noida,Romance,Movie,8,4,119,110.19
U0427,S003,Premium,Noida,Romance,Movie,3,1,72,118.51
U0344,S003,Free,Mumbai,Romance,Movie,4,4,179,151.85
U0420,S003,Basic,Bangalore,Romance,Movie,9,1,122,104.77
U0498,S003,Free,Pune,Romance,Movie,6,3,12,63.35
U0051,S003,Basic,Noida,Romance,Movie,4,3,85,91.92
U0382,S003,Standard,Bangalore,Romance,Movie,6,1,73,101.93299999999999
U0495,S003,Standard,Bangalore,Romance,Movie,4,3,55,77.17
U0458,S003,Basic,Delhi,Romance,Movie,9,4,33,49.46
U0039,S003,Free,Bangalore,Romance,Movie,5,4,16,77.09
U0270,S003,Free,Delhi,Romance,Movie,9,0,123,119.04
U0062,S003,Free,Chennai,Romance,Movie,9,3,77,97.54
U0055,S003,Free,Pune,Romance,Movie,8,1,150,110.88
U0230,S003,Free,Hyderabad,Romance,Movie,3,1,129,127.44
U0029,S003,Free,Chennai,Romance,Movie,5,0,87,89.41
U0244,S003,Free,Bangalore,Romance,Movie,3,3,85,90.85
U0027,S003,Premium,Mumbai,Romance,Movie,7,4,11,41.27
U0272,S003,Standard,Delhi,Romance,Movie,9,4,25,42.07
U0422,S003,Premium,Delhi,Romance,Movie,6,0,112,109.22
U0460,S003,Free,Hyderabad,Romance,Movie,6,6,176,155.81
U0233,S003,Free,Delhi,Romance,Movie,7,3,148,129.48
U0422,S003,Premium,Delhi,Romance,Movie,4,4,71,99.19
U0116,S003,Basic,Pune,Romance,Movie,4,4,71,77.16
U0344,S004,Free,Mumbai,Romance,Series,3,3,149,139.58
U0329,S004,Free,Pune,Romance,Series,4,3,151,131.48
U0204,S004,Free,Hyderabad,Romance,Series,4,4,134,99.92
U0208,S004,Basic,Noida,Romance,Series,5,6,143,127.74
U0105,S004,Free,Mumbai,Romance,Series,5,3,126,95.98
U0354,S004,Standard,Noida,Romance,Series,6,3,75,79.46
U0008,S004,Free,Hyderabad,Romance,Series,7,3,96,101.52
U0302,S004,Free,Chennai,Romance,Series,5,6,42,59.79
U0494,S004,Basic,Noida,Romance,Series,4,0,111,114.81
U0106,S004,Standard,Mumbai,Romance,Series,6,0,167,141.03
U0084,S004,Free,Bangalore,Romance,Series,3,1,127,108.83
U0019,S004,Free,Mumbai,Romance,Series,7,0,69,74.99
U0494,S004,Basic,Noida,Romance,Series,5,1,106,112.9
U0154,S004,Free,Mumbai,Romance,Series,6,0,64,72.44
U0289,S004,Premium,Mumbai,Romance,Series,9,4,104,97.36
U0079,S004,Standard,Kolkata,Romance,Series,8,1,21,72.44
U0149,S004,Free,Hyderabad,Romance,Series,8,6,149,136.12
U0186,S004,Free,Chennai,Romance,Series,6,0,120,104.07
U0381,S004,Free,Delhi,Romance,Series,5,3,29,48.67
U0415,S004,Basic,Bangalore,Romance,Series,3,0,28,57.47
U0198,S004,Premium,Kolkata,Romance,Series,9,4,157,138.05
U0473,S004,Free,Pune,Romance,Series,7,2,167,83.3
U0101,S004,Free,Hyderabad,Romance,Series,7,4,119,117.59
U0162,S004,Free,Pune,Romance,Series,5,4,165,109.86
U0142,S004,Free,Mumbai,Romance,Series,6,6,81,93.05
U0028,S004,Premium,Kolkata,Romance,Series,6,4,159,127.91
U0146,S004,Free,Delhi,Romance,Series,6,4,108,103.68
U0031,S004,Free,Pune,Romance,Series,8,2,122,112.59
U0045,S004,Basic,Bangalore,Romance,Series,9,1,163,77.91
U0101,S004,Free,Hyderabad,Romance,Series,8,4,127,122.52
U0010,S004,Free,Delhi,Romance,Series,4,0,63,91.5
U0030,S004,Free,Chennai,Romance,Series,9,1,68,83.76
U0263,S004,Basic,Delhi,Romance,Series,4,6,27,57.56
U0409,S004,Free,Kolkata,Romance,Series,8,4,131,117.71
U0373,S004,Premium,Delhi,Romance,Series,4,4,144,130.42
U0390,S004,Basic,Bangalore,Romance,Series,4,6,117,105.77
U0478,S004,Free,Pune,Romance,Series,5,3,103,97.91
U0082,S004,Basic,Chennai,Romance,Series,6,0,123,110.38
U0221,S004,Premium,Chennai,Romance,Series,3,0,148,132.07
U0303,S004,Basic,Pune,Romance,Series,6,1,85,90.54
U0374,S004,Basic,Mumbai,Romance,Series,8,2,48,61.3
U0100,S004,Standard,Chennai,Romance,Series,8,6,155,118.52
U0148,S004,Basic,Pune,Romance,Series,5,4,160,145.08
U0167,S004,Free,Pune,Romance,Series,4,3,42,69.6
U0413,S004,Premium,Mumbai,Romance,Series,7,3,74,68.62
U0137,S004,Premium,Noida,Romance,Series,8,4,92,106.92
U0275,S004,Standard,Chennai,Romance,Series,8,4,72,102.95
U0291,S004,Premium,Pune,Romance,Series,8,2,78,81.49
U0129,S004,Standard,Chennai,Romance,Series,8,6,149,137.36
U0389,S004,Standard,Hyderabad,Romance,Series,6,0,119,118.73
U0433,S004,Basic,Chennai,Romance,Series,6,4,169,110.37
U0025,S004,Free,Hyderabad,Romance,Series,5,0,70,86.75
U0050,S004,Free,Hyderabad,Romance,Series,5,6,122,104.8
U0327,S004,Standard,Kolkata,Romance,Series,3,2,152,96.97
U0049,S004,Basic,Kolkata,Romance,Series,4,4,134,95.88
U0013,S004,Standard,Chennai,Romance,Series,8,5,110,116.91066666666666
U0438,S004,Free,Kolkata,Romance,Series,8,5,138,105.84
U0471,S004,Basic,Mumbai,Romance,Series,7,4,96,95.01
U0404,S004,Premium,Delhi,Romance,Series,5,6,172,129.38
U0355,S004,Standard,Kolkata,Romance,Series,6,5,150,137.32
U0190,S004,Free,Bangalore,Romance,Series,6,0,99,94.48
U0096,S004,Premium,Chennai,Romance,Series,6,0,90,94.82
U0319,S004,Free,Bangalore,Romance,Series,9,5,139,125.96
U0221,S004,Premium,Chennai,Romance,Series,8,0,31,107.73
U0009,S004,Basic,Mumbai,Romance,Series,6,6,59,82.6
U0280,S004,Basic,Pune,Romance,Series,6,1,117,115.15
U0173,S004,Basic,Mumbai,Romance,Series,9,3,31,45.31
U0118,S004,Standard,Hyderabad,Romance,Series,4,2,84,85.94
U0467,S004,Basic,Mumbai,Romance,Series,4,3,132,117.74
U0489,S004,Free,Hyderabad,Romance,Series,4,6,39,60.39
U0425,S004,Basic,Kolkata,Romance,Series,6,4,130,115.02
U0013,S004,Standard,Chennai,Romance,Series,4,5,179,143.622
U0397,S004,Basic,Mumbai,Romance,Series,4,5,129,125.45
U0178,S004,Basic,Noida,Romance,Series,5,1,174,142.44
U0363,S004,Standard,Hyderabad,Romance,Series,4,0,95,104.67
U0216,S004,Standard,Delhi,Romance,Series,8,5,13,105.39
U0127,S004,Free,Delhi,Romance,Series,8,6,123,118.49
U0223,S004,Premium,Delhi,Romance,Series,7,6,91,95.61
U0461,S004,Basic,Chennai,Romance,Series,5,6,31,60.0
U0008,S004,Free,Hyderabad,Romance,Series,5,3,115,101.52
U0240,S004,Basic,Delhi,Romance,Series,6,4,94,102.87
U0488,S004,Free,Kolkata,Romance,Series,4,6,34,46.79
U0462,S004,Standard,Kolkata,Romance,Series,3,2,102,99.87
U0420,S004,Basic,Bangalore,Romance,Series,5,1,61,80.82
U0147,S004,Free,Kolkata,Romance,Series,6,1,59,76.68
U0433,S004,Basic,Chennai,Romance,Series,4,2,131,122.3
U0039,S004,Free,Bangalore,Romance,Series,5,1,177,73.86
U0429,S004,Basic,Pune,Romance,Series,9,6,162,146.71
U0457,S004,Basic,Pune,Romance,Series,9,3,60,60.13
U0327,S004,Standard,Kolkata,Romance,Series,7,6,155,131.15
U0311,S004,Free,Hyderabad,Romance,Series,7,1,97,88.1
U0322,S004,Free,Chennai,Romance,Series,5,1,147,127.54
U0028,S004,Premium,Kolkata,Romance,Series,7,5,25,55.49
U0455,S004,Free,Kolkata,Romance,Series,8,5,29,74.61
U0310,S004,Standard,Noida,Romance,Series,8,4,89,105.38
U0164,S004,Basic,Pune,Romance,Series,8,6,45,72.13
U0021,S004,Basic,Hyderabad,Romance,Series,5,4,137,122.01
U0484,S004,Free,Bangalore,Romance,Series,8,4,155,104.51
U0349,S004,Basic,Chennai,Romance,Series,5,2,91,107.69
U0085,S004,Basic,Bangalore,Romance,Series,9,1,113,83.09
U0094,S004,Basic,Noida,Romance,Series,8,6,138,109.82
U0232,S004,Basic,Bangalore,Romance,Series,6,3,33,56.37
U0244,S004,Free,Bangalore,Romance,Series,8,2,59,76.5
U0396,S004,Basic,Mumbai,Romance,Series,7,3,21,46.55
U0475,S004,Basic,Bangalore,Romance,Series,7,2,14,42.32
U0191,S004,Standard,Mumbai,Romance,Series,6,1,156,130.92
U0118,S004,Standard,Hyderabad,Romance,Series,7,2,39,62.54
U0061,S005,Premium,Kolkata,Documentary,Series,4,3,180,140.82
U0025,S005,Free,Hyderabad,Documentary,Series,9,2,148,132.66
U0251,S005,Basic,Kolkata,Documentary,Series,7,4,99,105.94
U0222,S005,Free,Pune,Documentary,Series,6,1,31,55.41
U0464,S005,Basic,Delhi,Documentary,Series,9,5,93,87.8
U0404,S005,Premium,Delhi,Documentary,Series,4,5,13,46.35
U0293,S005,Free,Bangalore,Documentary,Series,3,1,175,141.23
U0229,S005,Basic,Mumbai,Documentary,Series,9,4,177,150.83
U0175,S005,Basic,Mumbai,Documentary,Series,6,6,174,145.02
U0457,S005,Basic,Pune,Documentary,Series,6,5,29,49.08
U0304,S005,Free,Chennai,Documentary,Series,7,1,114,105.69
U0432,S005,Basic,Chennai,Documentary,Series,8,2,152,123.6
U0444,S005,Free,Hyderabad,Documentary,Series,6,0,36,106.73
U0118,S005,Standard,Hyderabad,Documentary,Series,4,1,113,102.505
U0316,S005,Premium,Bangalore,Documentary,Series,9,3,21,36.26
U0499,S005,Free,Delhi,Documentary,Series,4,4,171,156.42
U0273,S005,Free,Mumbai,Documentary,Series,4,4,112,109.73
U0455,S005,Free,Kolkata,Documentary,Series,6,6,95,94.32
U0017,S005,Premium,Mumbai,Documentary,Series,7,4,157,79.51
U0171,S005,Basic,Pune,Documentary,Series,4,6,106,106.81
U0349,S005,Basic,Chennai,Documentary,Series,6,2,58,73.1
U0082,S005,Basic,Chennai,Documentary,Series,3,4,140,129.36
U0403,S005,Standard,Bangalore,Documentary,Series,9,2,60,72.38
U0344,S005,Free,Mumbai,Documentary,Series,6,0,58,82.47
U0294,S005,Free,Kolkata,Documentary,Series,5,2,145,118.96
U0426,S005,Standard,Chennai,Documentary,Series,6,0,131,115.12
U0125,S005,Premium,Hyderabad,Documentary,Series,5,6,179,132.13
U0124,S005,Premium,Chennai,Documentary,Series,4,3,44,102.03
U0068,S005,Free,Bangalore,Documentary,Series,6,5,174,142.4
U0284,S005,Basic,Kolkata,Documentary,Series,6,4,154,125.54
U0210,S005,Standard,Pune,Documentary,Series,5,6,150,123.33
U0119,S005,Free,Hyderabad,Documentary,Series,7,6,65,70.36
U0139,S005,Basic,Hyderabad,Documentary,Series,8,4,98,102.36
U0137,S005,Premium,Noida,Documentary,Series,9,4,83,113.18
U0036,S005,Free,Delhi,Documentary,Series,7,1,165,138.01
U0278,S005,Basic,Bangalore,Documentary,Series,5,5,164,111.01
U0326,S005,Basic,Hyderabad,Documentary,Series,9,4,66,121.98
U0331,S005,Premium,Bangalore,Documentary,Series,4,4,36,48.92
U0097,S005,Basic,Noida,Documentary,Series,8,0,66,78.87
U0214,S005,Premium,Bangalore,Documentary,Series,6,2,132,66.04
U0169,S005,Standard,Chennai,Documentary,Series,8,1,91,91.08
U0239,S005,Basic,Hyderabad,Documentary,Series,8,0,96,102.29
U0490,S005,Basic,Bangalore,Documentary,Series,5,1,71,72.995
U0428,S005,Free,Chennai,Documentary,Series,9,5,96,101.09
U0190,S005,Free,Bangalore,Documentary,Series,6,4,19,49.82
U0349,S005,Basic,Chennai,Documentary,Series,9,2,61,91.09
U0152,S005,Basic,Bangalore,Documentary,Series,7,6,36,56.35
U0378,S005,Standard,Hyderabad,Documentary,Series,7,3,79,84.52
U0192,S005,Premium,Bangalore,Documentary,Series,9,4,131,70.1
U0349,S005,Basic,Chennai,Documentary,Series,6,6,82,84.73
U0040,S005,Free,Mumbai,Documentary,Series,4,1,120,105.04
U0398,S005,Premium,Noida,Documentary,Series,7,4,121,113.92
U0370,S005,Free,Noida,Documentary,Series,5,3,126,116.09
U0381,S005,Free,Delhi,Documentary,Series,8,4,38,56.98
U0064,S005,Premium,Pune,Documentary,Series,6,0,36,58.01
U0338,S005,Premium,Pune,Documentary,Series,4,6,157,106.61
U0012,S005,Free,Hyderabad,Documentary,Series,5,5,165,133.77
U0117,S005,Basic,Kolkata,Documentary,Series,8,3,55,112.14
U0260,S005,Free,Kolkata,Documentary,Series,5,2,26,85.12
U0416,S005,Basic,Bangalore,Documentary,Series,6,4,51,63.33
U0495,S005,Standard,Bangalore,Documentary,Series,6,6,180,146.58
U0177,S005,Free,Pune,Documentary,Series,5,1,163,86.27
U0148,S005,Basic,Pune,Documentary,Series,7,2,126,103.6
U0308,S005,Premium,Bangalore,Documentary,Series,8,6,14,46.77
U0099,S005,Premium,Noida,Documentary,Series,5,5,51,105.99
U0340,S005,Premium,Bangalore,Documentary,Series,8,4,68,61.12
U0209,S005,Free,Hyderabad,Documentary,Series,6,2,98,83.62
U0291,S005,Premium,Pune,Documentary,Series,3,0,25,62.13
U0025,S005,Free,Hyderabad,Documentary,Series,6,3,180,95.29
U0378,S005,Standard,Hyderabad,Documentary,Series,5,1,32,56.875
U0181,S005,Basic,Bangalore,Documentary,Series,3,4,18,56.76666666666667
U0338,S005,Premium,Pune,Documentary,Series,8,6,28,55.3
U0127,S005,Free,Delhi,Documentary,Series,3,5,144,131.57
U0445,S005,Free,Bangalore,Documentary,Series,4,3,160,129.22
U0420,S005,Basic,Bangalore,Documentary,Series,9,2,18,46.98
U0116,S005,Basic,Pune,Documentary,Series,7,0,107,91.13
U0016,S005,Free,Kolkata,Documentary,Series,9,4,158,125.47
U0194,S005,Free,Hyderabad,Documentary,Series,7,6,64,72.39
U0156,S005,Free,Mumbai,Documentary,Series,8,1,129,116.38
U0082,S005,Basic,Chennai,Documentary,Series,4,3,151,135.85
U0216,S005,Standard,Delhi,Documentary,Series,8,1,93,100.27
U0458,S005,Basic,Delhi,Documentary,Series,7,6,99,94.87
U0072,S005,Free,Bangalore,Documentary,Series,3,0,24,113.65
U0144,S005,Basic,Mumbai,Documentary,Series,3,5,12,62.76
U0374,S005,Basic,Mumbai,Documentary,Series,7,0,95,87.48
U0372,S005,Basic,Kolkata,Documentary,Series,5,1,109,98.68
U0355,S005,Standard,Kolkata,Documentary,Series,7,6,90,95.1
U0337,S005,Basic,Bangalore,Documentary,Series,7,2,54,63.8
U0052,S005,Basic,Pune,Documentary,Series,9,3,17,104.37
U0374,S005,Basic,Mumbai,Documentary,Series,7,4,168,141.75
U0110,S005,Standard,Noida,Documentary,Series,6,4,67,82.92
U0275,S005,Standard,Chennai,Documentary,Series,4,6,84,90.08
U0267,S005,Basic,Bangalore,Documentary,Series,8,6,108,96.8
U0174,S005,Free,Hyderabad,Documentary,Series,3,0,124,123.74
U0359,S005,Premium,Hyderabad,Documentary,Series,5,4,30,58.25
U0058,S005,Premium,Pune,Documentary,Series,6,0,94,85.89
U0307,S005,Free,Chennai,Documentary,Series,6,3,22,103.53
U0090,S005,Free,Noida,Documentary,Series,8,5,69,112.5
U0402,S005,Basic,Kolkata,Documentary,Series,4,2,35,56.53
U0427,S005,Premium,Noida,Documentary,Series,8,0,174,145.0
U0141,S005,Free,Bangalore,Documentary,Series,8,3,13,44.47
U0441,S005,Standard,Kolkata,Documentary,Series,9,4,16,53.78
U0040,S005,Free,Mumbai,Documentary,Series,7,2,26,54.31
U0380,S006,Standard,Bangalore,Thriller,Series,9,2,48,96.82
U0376,S006,Premium,Chennai,Thriller,Series,5,4,14,75.16
U0463,S006,Free,Mumbai,Thriller,Series,7,3,81,84.82
U0402,S006,Basic,Kolkata,Thriller,Series,4,4,46,64.0
U0194,S006,Free,Hyderabad,Thriller,Series,7,4,112,107.97
U0009,S006,Basic,Mumbai,Thriller,Series,4,3,82,89.88
U0157,S006,Premium,Mumbai,Thriller,Series,7,3,14,46.19
U0019,S006,Free,Mumbai,Thriller,Series,8,5,91,111.24
U0428,S006,Free,Chennai,Thriller,Series,7,6,20,93.79
U0342,S006,Standard,Chennai,Thriller,Series,4,0,139,133.95
U0084,S006,Free,Bangalore,Thriller,Series,5,4,159,114.3775
U0460,S006,Free,Hyderabad,Thriller,Series,4,6,151,142.19
U0462,S006,Standard,Kolkata,Thriller,Series,7,4,76,82.45
U0447,S006,Free,Noida,Thriller,Series,8,2,169,139.06
U0246,S006,Basic,Noida,Thriller,Series,7,6,88,82.36
U0293,S006,Free,Bangalore,Thriller,Series,6,2,63,66.22
U0202,S006,Standard,Hyderabad,Thriller,Series,8,5,13,44.98
U0493,S006,Basic,Delhi,Thriller,Series,6,2,90,78.06
U0356,S006,Basic,Delhi,Thriller,Series,4,2,99,99.24
U0098,S006,Free,Delhi,Thriller,Series,7,3,107,101.25
U0468,S006,Free,Mumbai,Thriller,Series,7,2,21,93.2
U0040,S006,Free,Mumbai,Thriller,Series,3,2,170,153.8
U0372,S006,Basic,Kolkata,Thriller,Series,4,3,143,116.19
U0225,S006,Free,Hyderabad,Thriller,Series,8,5,160,128.93
U0120,S006,Free,Noida,Thriller,Series,8,1,70,80.29
U0307,S006,Free,Chennai,Thriller,Series,8,5,29,69.0
U0422,S006,Premium,Delhi,Thriller,Series,8,4,162,135.29
U0268,S006,Premium,Pune,Thriller,Series,4,6,36,48.0
U0189,S006,Free,Mumbai,Thriller,Series,4,0,58,103.01
U0084,S006,Free,Bangalore,Thriller,Series,7,6,164,98.31
U0437,S006,Basic,Mumbai,Thriller,Series,3,3,131,126.4
U0306,S006,Standard,Mumbai,Thriller,Series,7,5,68,81.91
U0087,S006,Free,Kolkata,Thriller,Series,6,4,27,60.82
U0352,S006,Free,Noida,Thriller,Series,3,0,111,89.8
U0123,S006,Premium,Pune,Thriller,Series,5,6,25,47.38
U0144,S006,Basic,Mumbai,Thriller,Series,4,4,75,73.76
U0214,S006,Premium,Bangalore,Thriller,Series,4,5,96,94.6
U0425,S006,Basic,Kolkata,Thriller,Series,5,0,78,74.42
U0165,S006,Free,Bangalore,Thriller,Series,4,1,33,54.2
U0111,S006,Basic,Noida,Thriller,Series,6,1,26,44.03
U0421,S006,Standard,Mumbai,Thriller,Series,5,5,144,125.6
U0478,S006,Free,Pune,Thriller,Series,4,0,102,104.8
U0103,S006,Free,Chennai,Thriller,Series,5,3,94,88.48
U0357,S006,Basic,Chennai,Thriller,Series,5,2,74,64.08
U0141,S006,Free,Bangalore,Thriller,Series,5,2,15,38.24
U0339,S006,Free,Chennai,Thriller,Series,7,2,130,108.33
U0336,S006,Premium,Noida,Thriller,Series,7,2,22,42.21
U0322,S006,Free,Chennai,Thriller,Series,6,2,67,76.78
U0048,S006,Basic,Chennai,Thriller,Series,8,0,109,99.71
U0106,S006,Standard,Mumbai,Thriller,Series,5,5,175,121.72
U0338,S006,Premium,Pune,Thriller,Series,6,1,136,89.25
U0458,S006,Basic,Delhi,Thriller,Series,6,4,74,84.1
U0102,S006,Premium,Hyderabad,Thriller,Series,9,2,94,99.94
U0137,S006,Premium,Noida,Thriller,Series,3,1,118,111.75
U0022,S006,Premium,Bangalore,Thriller,Series,4,3,113,73.29
U0220,S006,Free,Mumbai,Thriller,Series,5,3,166,83.57
U0062,S006,Free,Chennai,Thriller,Series,7,3,175,141.55
U0256,S006,Basic,Delhi,Thriller,Series,6,1,36,111.53
U0086,S006,Free,Hyderabad,Thriller,Series,4,0,168,150.65
U0428,S006,Free,Chennai,Thriller,Series,5,0,80,86.94
U0450,S006,Free,Mumbai,Thriller,Series,7,2,128,101.75
U0388,S006,Free,Noida,Thriller,Series,9,5,164,145.25
U0429,S006,Basic,Pune,Thriller,Series,7,4,172,152.37
U0060,S006,Basic,Chennai,Thriller,Series,7,0,67,79.03
U0458,S006,Basic,Delhi,Thriller,Series,3,1,155,138.92333333333332
U0144,S006,Basic,Mumbai,Thriller,Series,7,2,117,79.84
U0038,S006,Standard,Noida,Thriller,Series,9,0,125,112.39
U0340,S006,Premium,Bangalore,Thriller,Series,7,4,17,28.97
U0011,S006,Free,Kolkata,Thriller,Series,3,0,107,111.63
U0154,S006,Free,Mumbai,Thriller,Series,8,3,119,108.48
U0347,S006,Free,Hyderabad,Thriller,Series,8,3,100,102.84
U0045,S006,Basic,Bangalore,Thriller,Series,5,2,30,45.24
U0122,S006,Free,Chennai,Thriller,Series,8,1,105,101.96
U0375,S006,Basic,Noida,Thriller,Series,9,6,108,106.31
U0079,S006,Standard,Kolkata,Thriller,Series,7,3,36,42.56
U0087,S006,Free,Kolkata,Thriller,Series,7,4,128,108.57
U0117,S006,Basic,Kolkata,Thriller,Series,7,2,50,75.47
U0422,S006,Premium,Delhi,Thriller,Series,8,4,53,135.29
U0242,S006,Basic,Delhi,Thriller,Series,3,4,161,145.57238095238097
U0042,S006,Free,Delhi,Thriller,Series,8,6,77,103.23
U0404,S006,Premium,Delhi,Thriller,Series,6,0,34,47.66
U0237,S006,Premium,Kolkata,Thriller,Series,3,2,64,75.95
U0471,S006,Basic,Mumbai,Thriller,Series,5,5,124,120.18
U0162,S006,Free,Pune,Thriller,Series,7,3,54,85.6
U0078,S006,Free,Chennai,Thriller,Series,8,3,110,117.91
U0052,S006,Basic,Pune,Thriller,Series,8,3,78,89.88
U0024,S006,Basic,Chennai,Thriller,Series,6,5,13,107.19
U0155,S006,Free,Noida,Thriller,Series,4,0,26,91.07
U0310,S006,Standard,Noida,Thriller,Series,6,3,172,139.28
U0097,S006,Basic,Noida,Thriller,Series,5,3,164,75.77
U0223,S006,Premium,Delhi,Thriller,Series,5,2,55,79.86
U0188,S006,Free,Mumbai,Thriller,Series,7,0,168,148.44
U0143,S006,Free,Kolkata,Thriller,Series,3,2,129,110.1
U0255,S006,Standard,Bangalore,Thriller,Series,8,3,127,109.17
U0186,S006,Free,Chennai,Thriller,Series,5,4,159,78.8675
U0246,S006,Basic,Noida,Thriller,Series,6,4,35,52.12
U0443,S006,Free,Pune,Thriller,Series,8,4,156,133.85
U0026,S006,Standard,Mumbai,Thriller,Series,6,1,178,133.16
U0101,S006,Free,Hyderabad,Thriller,Series,4,4,54,65.61
U0242,S006,Basic,Delhi,Thriller,Series,3,4,141,145.57238095238097
U0111,S006,Basic,Noida,Thriller,Series,4,6,136,110.4
U0392,S006,Free,Bangalore,Thriller,Series,5,4,47,64.0175
U0188,S007,Free,Mumbai,Thriller,Series,7,3,142,124.21
U0460,S007,Free,Hyderabad,Thriller,Series,4,1,38,119.74
U0500,S007,Basic,Delhi,Thriller,Series,8,2,140,115.45
U0251,S007,Basic,Kolkata,Thriller,Series,6,6,93,88.69
U0262,S007,Standard,Bangalore,Thriller,Series,7,6,179,155.85
U0130,S007,Free,Chennai,Thriller,Series,5,5,79,78.71
U0042,S007,Free,Delhi,Thriller,Series,5,3,118,104.51
U0336,S007,Premium,Noida,Thriller,Series,6,4,23,43.63
U0260,S007,Free,Kolkata,Thriller,Series,7,3,49,66.47
U0376,S007,Premium,Chennai,Thriller,Series,4,0,142,127.89
U0030,S007,Free,Chennai,Thriller,Series,7,6,117,108.4
U0488,S007,Free,Kolkata,Thriller,Series,4,0,158,134.92
U0475,S007,Basic,Bangalore,Thriller,Series,4,5,79,83.01
U0049,S007,Basic,Kolkata,Thriller,Series,9,2,30,44.66
U0386,S007,Standard,Kolkata,Thriller,Series,8,5,89,98.23
U0047,S007,Basic,Pune,Thriller,Series,7,1,157,127.34
U0311,S007,Free,Hyderabad,Thriller,Series,7,4,101,101.65
U0041,S007,Basic,Delhi,Thriller,Series,9,2,11,37.52
U0421,S007,Standard,Mumbai,Thriller,Series,9,0,174,100.22
U0488,S007,Free,Kolkata,Thriller,Series,9,2,39,101.08
U0290,S007,Free,Delhi,Thriller,Series,5,3,145,134.51
U0380,S007,Standard,Bangalore,Thriller,Series,4,5,22,98.85
U0113,S007,Free,Chennai,Thriller,Series,8,6,100,101.33
U0188,S007,Free,Mumbai,Thriller,Series,5,6,56,68.28
U0112,S007,Free,Bangalore,Thriller,Series,7,1,55,64.01
U0271,S007,Basic,Pune,Thriller,Series,6,3,132,107.97
U0378,S007,Standard,Hyderabad,Thriller,Series,4,5,135,114.31
U0068,S007,Free,Bangalore,Thriller,Series,3,4,58,76.7275
U0214,S007,Premium,Bangalore,Thriller,Series,8,4,70,69.95
U0314,S007,Standard,Mumbai,Thriller,Series,8,4,89,85.9
U0035,S007,Premium,Delhi,Thriller,Series,5,4,159,75.28
U0017,S007,Premium,Mumbai,Thriller,Series,5,5,22,37.28
U0451,S007,Free,Pune,Thriller,Series,5,3,67,84.04
U0305,S007,Standard,Mumbai,Thriller,Series,4,3,62,76.59
U0233,S007,Free,Delhi,Thriller,Series,6,6,166,125.13
U0235,S007,Premium,Pune,Thriller,Series,8,0,54,66.22
U0138,S007,Basic,Kolkata,Thriller,Series,7,6,37,59.94
U0286,S007,Standard,Delhi,Thriller,Series,5,0,22,61.29
U0332,S007,Free,Delhi,Thriller,Series,7,6,99,97.48
U0221,S007,Premium,Chennai,Thriller,Series,8,5,69,81.16
U0388,S007,Free,Noida,Thriller,Series,7,4,139,121.19
U0106,S007,Standard,Mumbai,Thriller,Series,8,4,77,107.2
U0004,S007,Premium,Bangalore,Thriller,Series,5,6,163,127.8
U0267,S007,Basic,Bangalore,Thriller,Series,7,1,70,75.59
U0001,S007,Premium,Hyderabad,Thriller,Series,6,1,44,52.9
U0259,S007,Standard,Chennai,Thriller,Series,6,3,180,148.04
U0398,S007,Premium,Noida,Thriller,Series,6,5,165,133.61
U0251,S007,Basic,Kolkata,Thriller,Series,7,3,131,111.91
U0271,S007,Basic,Pune,Thriller,Series,5,0,166,141.68
U0035,S007,Premium,Delhi,Thriller,Series,4,4,62,73.47
U0313,S007,Free,Hyderabad,Thriller,Series,6,0,160,140.34
U0308,S007,Premium,Bangalore,Thriller,Series,4,4,139,124.67
U0279,S007,Free,Kolkata,Thriller,Series,4,1,49,69.84
U0320,S007,Free,Kolkata,Thriller,Series,5,4,94,77.0075
U0100,S007,Standard,Chennai,Thriller,Series,5,4,39,56.49375
U0184,S007,Premium,Noida,Thriller,Series,4,6,68,70.91
U0081,S007,Basic,Pune,Thriller,Series,8,4,78,83.16
U0016,S007,Free,Kolkata,Thriller,Series,8,5,105,97.8
U0461,S007,Basic,Chennai,Thriller,Series,5,1,88,85.89
U0334,S007,Free,Noida,Thriller,Series,6,0,170,135.76
U0304,S007,Free,Chennai,Thriller,Series,9,1,78,76.82
U0478,S007,Free,Pune,Thriller,Series,9,4,29,59.36
U0064,S007,Premium,Pune,Thriller,Series,4,6,42,64.48
U0246,S007,Basic,Noida,Thriller,Series,4,1,99,94.89
U0461,S007,Basic,Chennai,Thriller,Series,7,1,131,82.03
U0446,S007,Premium,Noida,Thriller,Series,4,0,133,126.33
U0103,S007,Free,Chennai,Thriller,Series,7,2,22,49.9
U0396,S007,Basic,Mumbai,Thriller,Series,5,6,48,57.23
U0410,S007,Free,Pune,Thriller,Series,6,3,179,142.2
U0179,S007,Basic,Hyderabad,Thriller,Series,6,1,13,38.21
U0117,S007,Basic,Kolkata,Thriller,Series,6,6,73,92.22
U0042,S007,Free,Delhi,Thriller,Series,4,2,51,97.29
U0300,S007,Free,Bangalore,Thriller,Series,7,0,56,74.92
U0442,S007,Free,Noida,Thriller,Series,7,2,11,42.7
U0161,S007,Standard,Chennai,Thriller,Series,7,6,103,104.17
U0146,S007,Free,Delhi,Thriller,Series,8,2,13,47.42
U0075,S007,Free,Kolkata,Thriller,Series,5,0,34,72.58
U0337,S007,Basic,Bangalore,Thriller,Series,7,4,165,137.77
U0471,S007,Basic,Mumbai,Thriller,Series,4,5,160,129.6
U0189,S007,Free,Mumbai,Thriller,Series,8,3,119,110.5
U0242,S007,Basic,Delhi,Thriller,Series,5,6,63,70.16
U0396,S007,Basic,Mumbai,Thriller,Series,9,2,137,106.03
U0055,S007,Free,Pune,Thriller,Series,5,5,115,100.6
U0047,S007,Basic,Pune,Thriller,Series,6,2,80,85.96
U0109,S007,Standard,Noida,Thriller,Series,9,3,46,68.08
U0114,S008,Free,Chennai,Drama,Series,8,5,54,72.82
U0056,S008,Free,Bangalore,Drama,Series,9,0,107,101.39
U0336,S008,Premium,Noida,Drama,Series,6,5,101,99.68
U0425,S008,Basic,Kolkata,Drama,Series,5,0,20,38.32
U0204,S008,Free,Hyderabad,Drama,Series,9,2,81,79.19
U0173,S008,Basic,Mumbai,Drama,Series,8,5,128,80.92
U0276,S008,Premium,Mumbai,Drama,Series,4,0,180,154.63
U0375,S008,Basic,Noida,Drama,Series,8,3,94,94.16
U0026,S008,Standard,Mumbai,Drama,Series,4,4,56,58.24
U0475,S008,Basic,Bangalore,Drama,Series,6,6,98,90.96
U0355,S008,Standard,Kolkata,Drama,Series,5,3,119,110.08666666666666
U0291,S008,Premium,Pune,Drama,Series,9,4,153,79.47
U0230,S008,Free,Hyderabad,Drama,Series,7,5,59,71.44
U0116,S008,Basic,Pune,Drama,Series,5,4,159,83.40666666666667
U0396,S008,Basic,Mumbai,Drama,Series,7,5,12,82.67
U0466,S008,Standard,Chennai,Drama,Series,7,6,41,86.04
U0101,S008,Free,Hyderabad,Drama,Series,6,3,86,90.5
U0277,S008,Basic,Hyderabad,Drama,Series,8,1,67,75.41
U0223,S008,Premium,Delhi,Drama,Series,7,4,113,106.56
U0347,S008,Free,Hyderabad,Drama,Series,7,2,11,47.51
U0126,S008,Free,Pune,Drama,Series,4,5,55,93.56
U0489,S008,Free,Hyderabad,Drama,Series,8,4,67,84.38
U0074,S008,Basic,Mumbai,Drama,Series,4,1,161,126.47
U0483,S008,Free,Bangalore,Drama,Series,8,3,165,142.33
U0164,S008,Basic,Pune,Drama,Series,9,3,39,49.12
U0476,S008,Standard,Pune,Drama,Series,4,1,11,45.09
U0431,S008,Basic,Bangalore,Drama,Series,4,2,85,76.8
U0406,S008,Standard,Mumbai,Drama,Series,3,5,30,50.96
U0257,S008,Premium,Chennai,Drama,Series,4,3,96,104.93
U0001,S008,Premium,Hyderabad,Drama,Series,9,2,117,99.5
U0350,S008,Basic,Kolkata,Drama,Series,8,6,11,110.48
U0141,S008,Free,Bangalore,Drama,Series,4,3,145,112.14
U0066,S008,Free,Chennai,Drama,Series,7,5,154,135.96
U0471,S008,Basic,Mumbai,Drama,Series,9,6,21,57.07
U0028,S008,Premium,Kolkata,Drama,Series,9,4,63,66.78
U0090,S008,Free,Noida,Drama,Series,4,5,146,118.25
U0252,S008,Standard,Pune,Drama,Series,4,1,75,71.96
U0055,S008,Free,Pune,Drama,Series,7,3,100,94.87
U0138,S008,Basic,Kolkata,Drama,Series,8,2,144,123.85
U0057,S008,Standard,Mumbai,Drama,Series,8,4,71,81.16
U0057,S008,Standard,Mumbai,Drama,Series,4,0,155,110.43
U0420,S008,Basic,Bangalore,Drama,Series,3,6,67,79.63666666666667
U0028,S008,Premium,Kolkata,Drama,Series,8,6,10,39.6
U0455,S008,Free,Kolkata,Drama,Series,4,3,86,89.15
U0075,S008,Free,Kolkata,Drama,Series,8,5,117,113.84
U0148,S008,Basic,Pune,Drama,Series,7,2,38,70.82
U0313,S008,Free,Hyderabad,Drama,Series,4,5,104,103.67
U0072,S008,Free,Bangalore,Drama,Series,6,1,65,72.25
U0407,S008,Premium,Kolkata,Drama,Series,8,0,148,134.26
U0110,S008,Standard,Noida,Drama,Series,9,6,102,106.43
U0460,S008,Free,Hyderabad,Drama,Series,8,6,154,142.15
U0393,S008,Premium,Chennai,Drama,Series,7,2,157,141.04
U0039,S008,Free,Bangalore,Drama,Series,9,4,34,62.36
U0238,S008,Premium,Pune,Drama,Series,8,0,37,130.99
U0449,S008,Premium,Kolkata,Drama,Series,5,5,60,71.87
U0450,S008,Free,Mumbai,Drama,Series,6,4,80,78.81
U0271,S008,Basic,Pune,Drama,Series,4,1,131,118.37
U0430,S008,Free,Bangalore,Drama,Series,8,2,133,118.02
U0355,S008,Standard,Kolkata,Drama,Series,4,3,81,90.53
U0410,S008,Free,Pune,Drama,Series,5,4,15,51.35
U0483,S008,Free,Bangalore,Drama,Series,4,4,89,92.08
U0282,S008,Free,Noida,Drama,Series,8,1,94,82.22
U0236,S008,Premium,Pune,Drama,Series,6,1,155,102.37
U0191,S008,Standard,Mumbai,Drama,Series,8,6,18,49.22
U0105,S008,Free,Mumbai,Drama,Series,8,6,76,74.88
U0247,S008,Free,Mumbai,Drama,Series,8,6,88,82.56
U0472,S008,Standard,Chennai,Drama,Series,8,2,105,98.8
U0263,S008,Basic,Delhi,Drama,Series,4,2,79,90.93
U0422,S008,Premium,Delhi,Drama,Series,6,6,74,78.15
U0054,S008,Standard,Kolkata,Drama,Series,6,6,35,51.27
U0051,S008,Basic,Noida,Drama,Series,6,2,80,80.76
U0405,S008,Free,Delhi,Drama,Series,6,5,158,136.63
U0263,S008,Basic,Delhi,Drama,Series,9,6,165,134.53
U0367,S008,Basic,Chennai,Drama,Series,6,5,57,82.15
U0428,S008,Free,Chennai,Drama,Series,8,6,63,79.29
U0473,S008,Free,Pune,Drama,Series,5,2,77,71.37
U0420,S008,Basic,Bangalore,Drama,Series,4,6,108,82.15
U0057,S008,Standard,Mumbai,Drama,Series,7,3,127,112.28
U0067,S008,Free,Mumbai,Drama,Series,9,1,40,68.28
U0349,S008,Basic,Chennai,Drama,Series,6,5,174,136.55
U0456,S008,Free,Kolkata,Drama,Series,9,0,106,101.11
U0030,S008,Free,Chennai,Drama,Series,4,5,107,95.54
U0207,S008,Basic,Hyderabad,Drama,Series,5,3,164,145.31
U0012,S008,Free,Hyderabad,Drama,Series,4,2,142,126.79
U0130,S008,Free,Chennai,Drama,Series,4,3,114,97.06
U0231,S008,Basic,Kolkata,Drama,Series,5,0,27,57.12
U0353,S008,Premium,Mumbai,Drama,Series,6,2,90,87.8
U0156,S008,Free,Mumbai,Drama,Series,6,0,133,116.77
U0286,S008,Standard,Delhi,Drama,Series,8,0,112,89.92
U0127,S008,Free,Delhi,Drama,Series,8,3,101,107.09
U0395,S008,Premium,Mumbai,Drama,Series,8,4,76,105.34
U0027,S008,Premium,Mumbai,Drama,Series,4,0,83,97.12
U0382,S008,Standard,Bangalore,Drama,Series,7,3,66,79.72
U0143,S008,Free,Kolkata,Drama,Series,4,2,42,56.42
U0382,S008,Standard,Bangalore,Drama,Series,7,1,61,90.19
U0240,S008,Basic,Delhi,Drama,Series,4,3,160,142.13
U0218,S009,Standard,Chennai,Thriller,Movie,5,0,12,96.25
U0304,S009,Free,Chennai,Thriller,Movie,5,6,22,35.98
U0397,S009,Basic,Mumbai,Thriller,Movie,5,4,48,59.97
U0228,S009,Basic,Chennai,Thriller,Movie,7,2,175,128.92
U0359,S009,Premium,Hyderabad,Thriller,Movie,9,3,123,87.69
U0493,S009,Basic,Delhi,Thriller,Movie,4,6,71,74.9
U0159,S009,Free,Delhi,Thriller,Movie,6,6,77,81.47
U0397,S009,Basic,Mumbai,Thriller,Movie,7,3,32,50.79
U0026,S009,Standard,Mumbai,Thriller,Movie,8,3,24,41.25
U0167,S009,Free,Pune,Thriller,Movie,3,0,33,53.69
U0070,S009,Premium,Chennai,Thriller,Movie,8,1,22,52.44
U0393,S009,Premium,Chennai,Thriller,Movie,8,0,138,90.41
U0409,S009,Free,Kolkata,Thriller,Movie,4,0,58,66.71
U0078,S009,Free,Chennai,Thriller,Movie,8,6,178,148.37
U0066,S009,Free,Chennai,Thriller,Movie,7,5,121,118.49
U0013,S009,Standard,Chennai,Thriller,Movie,6,5,173,140.36666666666667
U0326,S009,Basic,Hyderabad,Thriller,Movie,6,4,69,78.04
U0044,S009,Basic,Hyderabad,Thriller,Movie,6,6,54,59.22
U0476,S009,Standard,Pune,Thriller,Movie,7,0,173,136.26
U0055,S009,Free,Pune,Thriller,Movie,5,5,56,72.46
U0364,S009,Standard,Bangalore,Thriller,Movie,7,2,140,100.198
U0039,S009,Free,Bangalore,Thriller,Movie,7,6,108,97.16
U0206,S009,Premium,Hyderabad,Thriller,Movie,5,1,133,70.95
U0222,S009,Free,Pune,Thriller,Movie,3,0,77,74.54
U0086,S009,Free,Hyderabad,Thriller,Movie,4,5,129,96.16
U0015,S009,Free,Delhi,Thriller,Movie,8,5,156,134.82
U0382,S009,Standard,Bangalore,Thriller,Movie,7,5,18,94.81
U0118,S009,Standard,Hyderabad,Thriller,Movie,6,5,130,120.15
U0081,S009,Basic,Pune,Thriller,Movie,6,2,21,73.21
U0048,S009,Basic,Chennai,Thriller,Movie,6,4,81,79.26
U0023,S009,Standard,Mumbai,Thriller,Movie,5,5,43,65.88
U0147,S009,Free,Kolkata,Thriller,Movie,7,5,164,141.36
U0094,S009,Basic,Noida,Thriller,Movie,5,6,30,46.76
U0137,S009,Premium,Noida,Thriller,Movie,9,1,175,93.0
U0047,S009,Basic,Pune,Thriller,Movie,9,1,35,51.54
U0228,S009,Basic,Chennai,Thriller,Movie,7,2,164,128.92
U0203,S009,Premium,Pune,Thriller,Movie,8,1,114,98.47
U0239,S009,Basic,Hyderabad,Thriller,Movie,5,3,150,78.69
U0251,S009,Basic,Kolkata,Thriller,Movie,7,5,82,88.47
U0368,S009,Premium,Delhi,Thriller,Movie,7,5,28,57.05
U0475,S009,Basic,Bangalore,Thriller,Movie,5,2,157,121.58
U0156,S009,Free,Mumbai,Thriller,Movie,3,0,129,104.33
U0092,S009,Premium,Kolkata,Thriller,Movie,6,1,136,107.48
U0256,S009,Basic,Delhi,Thriller,Movie,6,1,172,130.76
U0345,S009,Free,Pune,Thriller,Movie,4,0,40,44.54
U0143,S009,Free,Kolkata,Thriller,Movie,4,6,117,94.89
U0200,S009,Standard,Kolkata,Thriller,Movie,6,0,124,99.71
U0465,S009,Free,Delhi,Thriller,Movie,7,6,92,97.77
U0094,S009,Basic,Noida,Thriller,Movie,6,1,112,77.89
U0159,S009,Free,Delhi,Thriller,Movie,8,0,54,84.45
U0096,S009,Premium,Chennai,Thriller,Movie,5,4,15,42.17
U0420,S009,Basic,Bangalore,Thriller,Movie,6,0,156,64.26
U0283,S009,Basic,Mumbai,Thriller,Movie,6,2,89,97.27
U0401,S009,Free,Kolkata,Thriller,Movie,8,0,63,79.65
U0133,S009,Standard,Mumbai,Thriller,Movie,9,2,38,55.85
U0276,S009,Premium,Mumbai,Thriller,Movie,6,2,176,140.43
U0423,S009,Basic,Hyderabad,Thriller,Movie,6,4,158,88.83
U0433,S009,Basic,Chennai,Thriller,Movie,8,4,159,136.04
U0409,S009,Free,Kolkata,Thriller,Movie,4,5,74,77.57
U0109,S009,Standard,Noida,Thriller,Movie,7,1,163,145.53
U0327,S009,Standard,Kolkata,Thriller,Movie,6,4,118,115.08
U0461,S009,Basic,Chennai,Thriller,Movie,5,4,107,89.02
U0307,S009,Free,Chennai,Thriller,Movie,7,2,174,138.52
U0488,S009,Free,Kolkata,Thriller,Movie,8,2,179,141.31
U0150,S009,Free,Kolkata,Thriller,Movie,5,4,93,89.37
U0391,S009,Basic,Hyderabad,Thriller,Movie,5,1,10,40.87
U0208,S009,Basic,Noida,Thriller,Movie,9,3,41,67.03
U0472,S009,Standard,Chennai,Thriller,Movie,8,0,77,92.6
U0071,S009,Free,Hyderabad,Thriller,Movie,3,3,87,90.6
U0140,S009,Standard,Chennai,Thriller,Movie,6,6,11,38.04
U0220,S009,Free,Mumbai,Thriller,Movie,8,4,21,74.8
U0056,S009,Free,Bangalore,Thriller,Movie,7,2,110,100.71
U0318,S009,Basic,Mumbai,Thriller,Movie,3,4,128,108.40666666666668
U0337,S009,Basic,Bangalore,Thriller,Movie,5,0,11,44.9
U0496,S009,Standard,Hyderabad,Thriller,Movie,6,1,24,41.79
U0164,S009,Basic,Pune,Thriller,Movie,7,1,36,52.75
U0025,S009,Free,Hyderabad,Thriller,Movie,5,2,126,106.66
U0002,S009,Basic,Noida,Thriller,Movie,9,1,136,99.76
U0243,S009,Premium,Bangalore,Thriller,Movie,4,2,58,68.93
U0243,S009,Premium,Bangalore,Thriller,Movie,6,3,132,84.33
U0362,S009,Standard,Delhi,Thriller,Movie,4,6,170,138.36
U0045,S009,Basic,Bangalore,Thriller,Movie,3,6,41,87.24333333333334
U0411,S009,Free,Delhi,Thriller,Movie,8,2,81,92.69
U0213,S009,Basic,Chennai,Thriller,Movie,4,3,147,77.25
U0333,S009,Free,Pune,Thriller,Movie,7,0,139,81.96
U0069,S009,Standard,Noida,Thriller,Movie,9,1,94,99.61
U0288,S009,Premium,Delhi,Thriller,Movie,7,1,143,96.72
U0058,S009,Premium,Pune,Thriller,Movie,4,3,57,64.86
U0357,S009,Basic,Chennai,Thriller,Movie,7,2,11,49.37
U0232,S009,Basic,Bangalore,Thriller,Movie,7,4,107,101.88
U0357,S009,Basic,Chennai,Thriller,Movie,6,4,32,47.27
U0227,S010,Premium,Mumbai,Comedy,Movie,5,2,43,64.27
U0181,S010,Basic,Bangalore,Comedy,Movie,4,1,109,106.41
U0023,S010,Standard,Mumbai,Comedy,Movie,8,0,147,130.82
U0161,S010,Standard,Chennai,Comedy,Movie,7,5,177,148.34
U0080,S010,Standard,Delhi,Comedy,Movie,7,6,102,104.95
U0462,S010,Standard,Kolkata,Comedy,Movie,7,5,18,112.6
U0445,S010,Free,Bangalore,Comedy,Movie,9,3,45,58.02
U0167,S010,Free,Pune,Comedy,Movie,7,5,98,92.39
U0011,S010,Free,Kolkata,Comedy,Movie,4,0,87,96.59
U0208,S010,Basic,Noida,Comedy,Movie,8,2,167,141.52
U0466,S010,Standard,Chennai,Comedy,Movie,8,5,34,114.46
U0149,S010,Free,Hyderabad,Comedy,Movie,7,5,67,83.76
U0422,S010,Premium,Delhi,Comedy,Movie,6,5,30,107.38
U0008,S010,Free,Hyderabad,Comedy,Movie,5,5,47,64.47
U0086,S010,Free,Hyderabad,Comedy,Movie,7,3,99,112.95
U0405,S010,Free,Delhi,Comedy,Movie,9,3,14,111.81
U0120,S010,Free,Noida,Comedy,Movie,8,0,89,92.46
U0196,S010,Basic,Bangalore,Comedy,Movie,4,2,80,88.76
U0065,S010,Basic,Chennai,Comedy,Movie,8,6,94,97.04
U0210,S010,Standard,Pune,Comedy,Movie,6,1,69,79.8
U0439,S010,Standard,Kolkata,Comedy,Movie,4,5,32,58.47
U0293,S010,Free,Bangalore,Comedy,Movie,5,2,154,126.4
U0054,S010,Standard,Kolkata,Comedy,Movie,9,4,62,95.87
U0181,S010,Basic,Bangalore,Comedy,Movie,8,6,171,146.36
U0141,S010,Free,Bangalore,Comedy,Movie,5,5,17,43.57
U0343,S010,Basic,Mumbai,Comedy,Movie,8,0,68,79.45
U0279,S010,Free,Kolkata,Comedy,Movie,9,2,93,98.16
U0024,S010,Basic,Chennai,Comedy,Movie,7,0,13,95.98
U0426,S010,Standard,Chennai,Comedy,Movie,8,0,41,78.88
U0043,S010,Free,Chennai,Comedy,Movie,8,0,98,84.53
U0319,S010,Free,Bangalore,Comedy,Movie,9,6,114,118.78
U0157,S010,Premium,Mumbai,Comedy,Movie,4,5,26,55.86
U0387,S010,Free,Hyderabad,Comedy,Movie,8,0,107,95.91
U0385,S010,Standard,Chennai,Comedy,Movie,7,1,173,141.65
U0145,S010,Basic,Chennai,Comedy,Movie,4,3,123,114.6
U0497,S010,Basic,Chennai,Comedy,Movie,5,2,101,97.78
U0235,S010,Premium,Pune,Comedy,Movie,7,2,131,112.78
U0195,S010,Standard,Noida,Comedy,Movie,8,5,177,140.15
U0175,S010,Basic,Mumbai,Comedy,Movie,8,5,166,145.17
U0125,S010,Premium,Hyderabad,Comedy,Movie,6,3,92,91.48
U0450,S010,Free,Mumbai,Comedy,Movie,8,0,70,76.22
U0064,S010,Premium,Pune,Comedy,Movie,5,6,103,98.5
U0439,S010,Standard,Kolkata,Comedy,Movie,6,1,18,44.16
U0399,S010,Basic,Hyderabad,Comedy,Movie,7,2,24,44.96
U0385,S010,Standard,Chennai,Comedy,Movie,4,6,57,77.74
U0118,S010,Standard,Hyderabad,Comedy,Movie,8,6,82,107.64
U0242,S010,Basic,Delhi,Comedy,Movie,9,2,98,95.99
U0288,S010,Premium,Delhi,Comedy,Movie,8,1,155,133.15
U0279,S010,Free,Kolkata,Comedy,Movie,7,0,92,92.42
U0206,S010,Premium,Hyderabad,Comedy,Movie,5,5,67,81.65
U0226,S010,Basic,Hyderabad,Comedy,Movie,3,2,108,104.12
U0270,S010,Free,Delhi,Comedy,Movie,8,6,80,109.01
U0461,S010,Basic,Chennai,Comedy,Movie,9,4,30,59.29
U0077,S010,Basic,Pune,Comedy,Movie,3,3,146,138.91
U0147,S010,Free,Kolkata,Comedy,Movie,5,4,168,134.3
U0195,S010,Standard,Noida,Comedy,Movie,8,3,36,115.1
U0444,S010,Free,Hyderabad,Comedy,Movie,6,6,49,55.87
U0374,S010,Basic,Mumbai,Comedy,Movie,5,5,56,77.17
U0201,S010,Premium,Chennai,Comedy,Movie,8,3,105,109.1
U0154,S010,Free,Mumbai,Comedy,Movie,4,2,164,83.7
U0330,S010,Basic,Noida,Comedy,Movie,7,3,144,117.17
U0033,S010,Basic,Hyderabad,Comedy,Movie,5,6,21,39.8
U0134,S010,Standard,Delhi,Comedy,Movie,8,4,34,65.01
U0339,S010,Free,Chennai,Comedy,Movie,8,3,101,100.29
U0435,S010,Premium,Kolkata,Comedy,Movie,8,5,144,129.75
U0129,S010,Standard,Chennai,Comedy,Movie,9,5,156,129.27
U0287,S010,Basic,Chennai,Comedy,Movie,5,2,19,35.64
U0109,S010,Standard,Noida,Comedy,Movie,7,2,104,109.93
U0155,S010,Free,Noida,Comedy,Movie,7,5,43,62.1
U0189,S010,Free,Mumbai,Comedy,Movie,5,5,88,84.03
U0100,S010,Standard,Chennai,Comedy,Movie,5,6,180,131.88
U0103,S010,Free,Chennai,Comedy,Movie,7,2,80,85.3
U0152,S010,Basic,Bangalore,Comedy,Movie,9,1,118,109.73
U0025,S010,Free,Hyderabad,Comedy,Movie,3,2,127,117.58
U0066,S010,Free,Chennai,Comedy,Movie,7,3,96,104.5
U0328,S010,Free,Hyderabad,Comedy,Movie,4,5,134,79.84
U0014,S010,Basic,Hyderabad,Comedy,Movie,6,5,149,126.59
U0004,S010,Premium,Bangalore,Comedy,Movie,7,4,150,90.76
U0354,S010,Standard,Noida,Comedy,Movie,4,2,94,90.97
U0051,S010,Basic,Noida,Comedy,Movie,5,4,129,116.26
U0032,S010,Free,Noida,Comedy,Movie,7,4,35,95.23
U0309,S010,Free,Delhi,Comedy,Movie,8,3,162,139.22
U0266,S010,Premium,Pune,Comedy,Movie,6,6,50,68.52
U0394,S010,Basic,Chennai,Comedy,Movie,4,5,111,107.89
U0108,S010,Free,Hyderabad,Comedy,Movie,4,2,104,106.44
U0118,S010,Standard,Hyderabad,Comedy,Movie,5,1,51,67.72
U0146,S010,Free,Delhi,Comedy,Movie,6,0,66,76.92
U0129,S010,Standard,Chennai,Comedy,Movie,8,4,56,84.52
U0480,S010,Standard,Chennai,Comedy,Movie,4,1,146,125.14
U0330,S010,Basic,Noida,Comedy,Movie,9,3,162,139.22
U0297,S010,Free,Hyderabad,Comedy,Movie,9,6,68,103.63
U0106,S010,Standard,Mumbai,Comedy,Movie,8,2,180,159.67
U0062,S010,Free,Chennai,Comedy,Movie,7,0,73,83.81
U0434,S010,Free,Hyderabad,Comedy,Movie,5,6,166,104.27
U0476,S010,Standard,Pune,Comedy,Movie,9,5,26,53.02
U0316,S010,Premium,Bangalore,Comedy,Movie,9,2,52,69.84
U0208,S010,Basic,Noida,Comedy,Movie,4,5,169,142.17
U0283,S010,Basic,Mumbai,Comedy,Movie,7,2,132,134.04
U0196,S010,Basic,Bangalore,Comedy,Movie,6,1,97,95.08
U0021,S010,Basic,Hyderabad,Comedy,Movie,4,6,180,135.12
U0136,S010,Standard,Mumbai,Comedy,Movie,8,0,127,118.2
U0290,S010,Free,Delhi,Comedy,Movie,4,3,156,144.53
U0240,S010,Basic,Delhi,Comedy,Movie,9,3,92,97.58
U0392,S010,Free,Bangalore,Comedy,Movie,8,2,122,110.33
U0012,S010,Free,Hyderabad,Comedy,Movie,7,1,162,128.05
U0276,S010,Premium,Mumbai,Comedy,Movie,7,2,149,131.99
U0423,S010,Basic,Hyderabad,Comedy,Movie,6,3,149,107.67
U0330,S011,Basic,Noida,Comedy,Series,7,5,66,73.35
U0160,S011,Free,Kolkata,Comedy,Series,4,1,167,128.5
U0435,S011,Premium,Kolkata,Comedy,Series,7,3,67,77.25
U0157,S011,Premium,Mumbai,Comedy,Series,9,1,125,110.68
U0022,S011,Premium,Bangalore,Comedy,Series,5,5,36,60.57
U0166,S011,Standard,Bangalore,Comedy,Series,8,4,54,65.13
U0360,S011,Standard,Pune,Comedy,Series,5,6,70,107.96
U0014,S011,Basic,Hyderabad,Comedy,Series,8,0,21,47.16
U0287,S011,Basic,Chennai,Comedy,Series,4,0,19,37.94
U0121,S011,Premium,Chennai,Comedy,Series,8,6,174,155.99
U0218,S011,Standard,Chennai,Comedy,Series,5,2,167,150.63
U0379,S011,Basic,Delhi,Comedy,Series,5,1,30,66.38
U0407,S011,Premium,Kolkata,Comedy,Series,7,6,89,102.35
U0350,S011,Basic,Kolkata,Comedy,Series,5,4,16,70.07
U0349,S011,Basic,Chennai,Comedy,Series,4,0,139,129.36
U0382,S011,Standard,Bangalore,Comedy,Series,4,6,168,151.38
U0284,S011,Basic,Kolkata,Comedy,Series,9,2,43,69.13
U0150,S011,Free,Kolkata,Comedy,Series,6,1,98,93.92
U0020,S011,Basic,Hyderabad,Comedy,Series,9,2,153,143.03
U0124,S011,Premium,Chennai,Comedy,Series,4,2,112,91.2
U0461,S011,Basic,Chennai,Comedy,Series,8,0,122,84.2
U0248,S011,Free,Noida,Comedy,Series,9,1,157,136.16
U0442,S011,Free,Noida,Comedy,Series,7,6,178,138.79
U0314,S011,Standard,Mumbai,Comedy,Series,6,2,32,48.46
U0035,S011,Premium,Delhi,Comedy,Series,7,3,73,79.19
U0106,S011,Standard,Mumbai,Comedy,Series,7,3,63,79.44
U0419,S011,Free,Delhi,Comedy,Series,4,0,74,88.24
U0300,S011,Free,Bangalore,Comedy,Series,6,3,112,100.71
U0354,S011,Standard,Noida,Comedy,Series,4,4,26,46.2775
U0354,S011,Standard,Noida,Comedy,Series,6,2,63,64.33
U0127,S011,Free,Delhi,Comedy,Series,8,2,114,107.41
U0364,S011,Standard,Bangalore,Comedy,Series,4,5,26,62.36
U0457,S011,Basic,Pune,Comedy,Series,5,1,17,36.01
U0339,S011,Free,Chennai,Comedy,Series,5,4,113,103.92
U0412,S011,Free,Bangalore,Comedy,Series,4,0,74,83.73
U0107,S011,Free,Pune,Comedy,Series,7,3,89,100.43
U0321,S011,Free,Kolkata,Comedy,Series,4,2,48,65.26
U0426,S011,Standard,Chennai,Comedy,Series,4,2,179,155.89
U0465,S011,Free,Delhi,Comedy,Series,3,0,19,50.63
U0069,S011,Standard,Noida,Comedy,Series,5,0,43,100.19
U0296,S011,Basic,Noida,Comedy,Series,8,3,70,79.6
U0390,S011,Basic,Bangalore,Comedy,Series,4,6,98,102.88
U0150,S011,Free,Kolkata,Comedy,Series,6,6,13,90.24
U0072,S011,Free,Bangalore,Comedy,Series,9,2,146,128.78
U0017,S011,Premium,Mumbai,Comedy,Series,4,0,34,48.55
U0372,S011,Basic,Kolkata,Comedy,Series,5,2,131,110.33
U0479,S011,Free,Chennai,Comedy,Series,8,2,105,122.15
U0300,S011,Free,Bangalore,Comedy,Series,4,4,89,87.3475
U0264,S011,Free,Kolkata,Comedy,Series,7,4,134,118.94
U0408,S011,Basic,Chennai,Comedy,Series,5,4,119,110.01
U0471,S011,Basic,Mumbai,Comedy,Series,5,2,30,41.44
U0424,S011,Premium,Kolkata,Comedy,Series,6,5,159,135.54
U0321,S011,Free,Kolkata,Comedy,Series,8,5,51,72.88
U0103,S011,Free,Chennai,Comedy,Series,4,6,104,92.98
U0113,S011,Free,Chennai,Comedy,Series,6,5,121,108.64
U0030,S011,Free,Chennai,Comedy,Series,4,0,117,108.92
U0098,S011,Free,Delhi,Comedy,Series,5,3,135,111.07
U0139,S011,Basic,Hyderabad,Comedy,Series,6,3,154,125.86
U0459,S011,Premium,Bangalore,Comedy,Series,4,3,94,95.05
U0306,S011,Standard,Mumbai,Comedy,Series,8,1,84,93.83
U0096,S011,Premium,Chennai,Comedy,Series,8,6,176,155.82
U0140,S011,Standard,Chennai,Comedy,Series,6,5,60,64.61
U0161,S011,Standard,Chennai,Comedy,Series,6,2,126,119.13
U0378,S011,Standard,Hyderabad,Comedy,Series,8,1,77,85.84
U0266,S011,Premium,Pune,Comedy,Series,4,0,119,116.76
U0279,S011,Free,Kolkata,Comedy,Series,7,0,143,122.49
U0134,S011,Standard,Delhi,Comedy,Series,8,6,47,99.4
U0082,S011,Basic,Chennai,Comedy,Series,8,5,127,118.68
U0387,S011,Free,Hyderabad,Comedy,Series,6,5,175,87.45
U0113,S011,Free,Chennai,Comedy,Series,4,3,26,52.41
U0229,S011,Basic,Mumbai,Comedy,Series,6,3,48,64.79
U0370,S011,Free,Noida,Comedy,Series,7,2,38,70.44
U0047,S011,Basic,Pune,Comedy,Series,5,4,117,104.86
U0131,S011,Premium,Kolkata,Comedy,Series,8,2,58,75.15
U0053,S011,Free,Pune,Comedy,Series,5,3,110,98.85
U0377,S011,Free,Bangalore,Comedy,Series,6,6,175,105.97
U0025,S011,Free,Hyderabad,Comedy,Series,5,3,32,63.23
U0386,S011,Standard,Kolkata,Comedy,Series,3,0,117,110.08
U0005,S011,Standard,Noida,Comedy,Series,6,0,83,86.35
U0051,S011,Basic,Noida,Comedy,Series,9,4,107,92.83
U0166,S011,Standard,Bangalore,Comedy,Series,3,1,72,71.11
U0218,S011,Standard,Chennai,Comedy,Series,7,4,135,130.9
U0311,S011,Free,Hyderabad,Comedy,Series,7,4,54,101.83
U0068,S011,Free,Bangalore,Comedy,Series,4,5,78,81.1
U0216,S011,Standard,Delhi,Comedy,Series,5,0,118,115.3
U0198,S011,Premium,Kolkata,Comedy,Series,8,6,58,132.04
U0323,S011,Premium,Delhi,Comedy,Series,7,1,130,118.79
U0341,S011,Free,Chennai,Comedy,Series,7,0,100,103.95
U0178,S011,Basic,Noida,Comedy,Series,4,3,26,96.9
U0235,S011,Premium,Pune,Comedy,Series,6,4,40,62.67
U0483,S011,Free,Bangalore,Comedy,Series,4,1,117,105.24
U0295,S011,Free,Noida,Comedy,Series,5,3,172,143.5
U0358,S011,Premium,Kolkata,Comedy,Series,4,0,96,106.34
U0415,S011,Basic,Bangalore,Comedy,Series,4,3,147,127.85
U0245,S012,Premium,Noida,Thriller,Movie,5,0,25,52.2
U0440,S012,Free,Delhi,Thriller,Movie,7,3,130,116.88
U0226,S012,Basic,Hyderabad,Thriller,Movie,4,6,179,62.28
U0477,S012,Premium,Mumbai,Thriller,Movie,7,5,48,61.2
U0349,S012,Basic,Chennai,Thriller,Movie,9,2,33,67.73
U0382,S012,Standard,Bangalore,Thriller,Movie,5,2,93,82.25
U0375,S012,Basic,Noida,Thriller,Movie,6,4,58,62.21
U0087,S012,Free,Kolkata,Thriller,Movie,6,4,150,125.17
U0307,S012,Free,Chennai,Thriller,Movie,4,3,91,102.35
U0391,S012,Basic,Hyderabad,Thriller,Movie,9,0,58,71.02
U0220,S012,Free,Mumbai,Thriller,Movie,3,2,135,109.4
U0298,S012,Basic,Noida,Thriller,Movie,6,1,23,80.45
U0266,S012,Premium,Pune,Thriller,Movie,5,4,103,101.34
U0065,S012,Basic,Chennai,Thriller,Movie,6,0,152,125.32
U0153,S012,Premium,Noida,Thriller,Movie,8,5,142,122.56
U0463,S012,Free,Mumbai,Thriller,Movie,5,2,24,39.81
U0351,S012,Free,Bangalore,Thriller,Movie,8,5,83,91.18
U0215,S012,Free,Bangalore,Thriller,Movie,6,3,11,39.93
U0248,S012,Free,Noida,Thriller,Movie,4,5,74,81.19
U0416,S012,Basic,Bangalore,Thriller,Movie,7,6,96,100.81
U0151,S012,Basic,Noida,Thriller,Movie,6,3,95,67.02
U0088,S012,Free,Kolkata,Thriller,Movie,5,4,31,48.6
U0408,S012,Basic,Chennai,Thriller,Movie,4,0,115,110.71
U0384,S012,Premium,Pune,Thriller,Movie,6,4,178,152.72
U0456,S012,Free,Kolkata,Thriller,Movie,7,3,106,87.72
U0137,S012,Premium,Noida,Thriller,Movie,4,3,148,94.33
U0325,S012,Basic,Delhi,Thriller,Movie,5,1,148,109.93
U0484,S012,Free,Bangalore,Thriller,Movie,5,4,154,71.27
U0438,S012,Free,Kolkata,Thriller,Movie,9,4,56,68.82
U0342,S012,Standard,Chennai,Thriller,Movie,5,6,171,142.85
U0019,S012,Free,Mumbai,Thriller,Movie,5,5,81,90.72
U0440,S012,Free,Delhi,Thriller,Movie,4,6,74,76.16
U0430,S012,Free,Bangalore,Thriller,Movie,5,4,30,49.33
U0108,S012,Free,Hyderabad,Thriller,Movie,6,0,61,84.76
U0464,S012,Basic,Delhi,Thriller,Movie,6,2,178,148.28
U0162,S012,Free,Pune,Thriller,Movie,6,4,109,113.42
U0056,S012,Free,Bangalore,Thriller,Movie,5,2,174,61.78
U0492,S012,Free,Delhi,Thriller,Movie,6,5,158,107.76
U0090,S012,Free,Noida,Thriller,Movie,4,4,115,103.57
U0008,S012,Free,Hyderabad,Thriller,Movie,8,0,117,105.34
U0099,S012,Premium,Noida,Thriller,Movie,8,3,35,53.7
U0499,S012,Free,Delhi,Thriller,Movie,5,3,127,120.44
U0426,S012,Standard,Chennai,Thriller,Movie,5,2,179,157.28
U0178,S012,Basic,Noida,Thriller,Movie,8,6,124,116.38
U0276,S012,Premium,Mumbai,Thriller,Movie,6,4,52,74.79
U0104,S012,Standard,Delhi,Thriller,Movie,6,1,159,147.18
U0207,S012,Basic,Hyderabad,Thriller,Movie,4,6,49,68.56
U0119,S012,Free,Hyderabad,Thriller,Movie,3,2,26,89.57
U0355,S012,Standard,Kolkata,Thriller,Movie,5,0,121,117.69
U0184,S012,Premium,Noida,Thriller,Movie,5,1,40,80.61
U0163,S012,Standard,Pune,Thriller,Movie,8,3,114,82.03
U0181,S012,Basic,Bangalore,Thriller,Movie,4,2,35,48.25
U0384,S012,Premium,Pune,Thriller,Movie,7,2,128,114.87
U0494,S012,Basic,Noida,Thriller,Movie,7,6,13,98.7
U0258,S012,Free,Pune,Thriller,Movie,5,0,130,109.07
U0298,S012,Basic,Noida,Thriller,Movie,4,1,86,85.59
U0175,S012,Basic,Mumbai,Thriller,Movie,5,5,110,110.88
U0477,S012,Premium,Mumbai,Thriller,Movie,7,4,43,53.82
U0322,S012,Free,Chennai,Thriller,Movie,4,5,177,153.66
U0073,S012,Free,Noida,Thriller,Movie,3,6,99,100.15
U0495,S012,Standard,Bangalore,Thriller,Movie,7,6,107,113.94
U0435,S012,Premium,Kolkata,Thriller,Movie,8,2,20,41.67
U0108,S012,Free,Hyderabad,Thriller,Movie,5,1,45,62.96
U0070,S012,Premium,Chennai,Thriller,Movie,5,1,161,89.37
U0210,S012,Standard,Pune,Thriller,Movie,4,2,175,80.31
U0450,S012,Free,Mumbai,Thriller,Movie,6,5,136,113.68
U0006,S012,Premium,Pune,Thriller,Movie,5,5,120,112.29
U0485,S012,Basic,Chennai,Thriller,Movie,9,3,10,39.0
U0338,S012,Premium,Pune,Thriller,Movie,8,5,101,97.89
U0328,S012,Free,Hyderabad,Thriller,Movie,8,4,94,91.16
U0141,S012,Free,Bangalore,Thriller,Movie,9,2,46,66.81
U0391,S012,Basic,Hyderabad,Thriller,Movie,7,1,80,75.24
U0485,S012,Basic,Chennai,Thriller,Movie,4,4,79,82.33
U0307,S012,Free,Chennai,Thriller,Movie,5,0,65,87.76
U0398,S012,Premium,Noida,Thriller,Movie,6,0,39,60.83
U0049,S012,Basic,Kolkata,Thriller,Movie,9,6,53,95.57
U0162,S012,Free,Pune,Thriller,Movie,6,3,143,125.38
U0018,S012,Standard,Chennai,Thriller,Movie,7,0,132,123.89
U0294,S012,Free,Kolkata,Thriller,Movie,9,0,128,118.55
U0257,S012,Premium,Chennai,Thriller,Movie,7,1,112,104.49
U0130,S012,Free,Chennai,Thriller,Movie,5,4,90,86.2
U0149,S012,Free,Hyderabad,Thriller,Movie,6,4,59,104.13
U0086,S012,Free,Hyderabad,Thriller,Movie,7,4,83,99.88
U0244,S012,Free,Bangalore,Thriller,Movie,9,2,57,68.44
U0011,S012,Free,Kolkata,Thriller,Movie,3,2,35,57.59
U0300,S012,Free,Bangalore,Thriller,Movie,8,5,99,102.51
U0010,S012,Free,Delhi,Thriller,Movie,5,6,13,40.16
U0215,S012,Free,Bangalore,Thriller,Movie,7,6,107,92.87
U0305,S012,Standard,Mumbai,Thriller,Movie,7,1,64,82.6
U0211,S012,Standard,Noida,Thriller,Movie,4,3,26,51.46
U0412,S012,Free,Bangalore,Thriller,Movie,9,5,159,138.13
U0185,S012,Free,Pune,Thriller,Movie,4,6,115,96.6
U0133,S012,Standard,Mumbai,Thriller,Movie,8,3,51,56.71
U0418,S012,Basic,Hyderabad,Thriller,Movie,8,1,24,43.53
U0230,S012,Free,Hyderabad,Thriller,Movie,7,5,35,57.13
U0388,S012,Free,Noida,Thriller,Movie,6,6,38,67.77
U0231,S012,Basic,Kolkata,Thriller,Movie,7,0,172,135.96
U0172,S012,Basic,Chennai,Thriller,Movie,4,2,56,62.36
U0106,S012,Standard,Mumbai,Thriller,Movie,5,4,83,98.75
U0298,S012,Basic,Noida,Thriller,Movie,6,2,20,48.77
U0423,S012,Basic,Hyderabad,Thriller,Movie,6,3,108,102.68
U0231,S012,Basic,Kolkata,Thriller,Movie,8,2,55,63.14
U0403,S012,Standard,Bangalore,Thriller,Movie,4,2,57,61.99
U0291,S012,Premium,Pune,Thriller,Movie,7,4,103,97.29
U0303,S012,Basic,Pune,Thriller,Movie,9,6,146,128.25
U0142,S012,Free,Mumbai,Thriller,Movie,6,2,167,122.33
U0298,S012,Basic,Noida,Thriller,Movie,7,1,121,102.73
U0122,S012,Free,Chennai,Thriller,Movie,5,5,180,145.82
U0016,S013,Free,Kolkata,Comedy,Movie,4,2,179,71.16
U0453,S013,Premium,Mumbai,Comedy,Movie,8,1,90,87.09
U0363,S013,Standard,Hyderabad,Comedy,Movie,8,2,98,100.12
U0235,S013,Premium,Pune,Comedy,Movie,5,3,67,77.06
U0450,S013,Free,Mumbai,Comedy,Movie,8,2,55,59.89
U0395,S013,Premium,Mumbai,Comedy,Movie,8,2,81,88.27
U0233,S013,Free,Delhi,Comedy,Movie,5,1,167,127.17
U0417,S013,Free,Chennai,Comedy,Movie,8,0,125,114.23
U0025,S013,Free,Hyderabad,Comedy,Movie,5,4,131,107.72
U0126,S013,Free,Pune,Comedy,Movie,6,4,61,72.05
U0339,S013,Free,Chennai,Comedy,Movie,5,6,84,85.15
U0039,S013,Free,Bangalore,Comedy,Movie,7,4,168,134.5
U0453,S013,Premium,Mumbai,Comedy,Movie,7,5,40,54.06
U0114,S013,Free,Chennai,Comedy,Movie,7,2,75,105.13
U0065,S013,Basic,Chennai,Comedy,Movie,7,6,91,85.95
U0485,S013,Basic,Chennai,Comedy,Movie,5,0,169,143.17
U0042,S013,Free,Delhi,Comedy,Movie,4,6,122,71.2
U0344,S013,Free,Mumbai,Comedy,Movie,4,3,78,129.05
U0374,S013,Basic,Mumbai,Comedy,Movie,8,3,169,136.64
U0149,S013,Free,Hyderabad,Comedy,Movie,7,2,158,129.86
U0152,S013,Basic,Bangalore,Comedy,Movie,9,1,85,88.0
U0432,S013,Basic,Chennai,Comedy,Movie,5,6,103,93.53
U0217,S013,Free,Delhi,Comedy,Movie,8,0,79,91.86
U0387,S013,Free,Hyderabad,Comedy,Movie,3,1,12,39.71
U0129,S013,Standard,Chennai,Comedy,Movie,9,4,128,117.04
U0252,S013,Standard,Pune,Comedy,Movie,4,5,124,111.15
U0468,S013,Free,Mumbai,Comedy,Movie,3,0,80,81.46
U0008,S013,Free,Hyderabad,Comedy,Movie,6,1,96,91.13
U0076,S013,Free,Delhi,Comedy,Movie,8,6,76,81.93
U0432,S013,Basic,Chennai,Comedy,Movie,7,6,93,91.93
U0039,S013,Free,Bangalore,Comedy,Movie,4,1,20,43.71
U0158,S013,Standard,Kolkata,Comedy,Movie,9,5,93,122.65
U0331,S013,Premium,Bangalore,Comedy,Movie,5,0,19,50.43
U0311,S013,Free,Hyderabad,Comedy,Movie,4,5,110,103.5
U0162,S013,Free,Pune,Comedy,Movie,5,1,95,92.99
U0354,S013,Standard,Noida,Comedy,Movie,6,2,60,61.64
U0483,S013,Free,Bangalore,Comedy,Movie,7,1,120,110.58
U0391,S013,Basic,Hyderabad,Comedy,Movie,8,3,172,150.81
U0116,S013,Basic,Pune,Comedy,Movie,8,5,90,95.89
U0141,S013,Free,Bangalore,Comedy,Movie,7,4,19,94.19
U0274,S013,Standard,Kolkata,Comedy,Movie,8,0,125,119.47
U0279,S013,Free,Kolkata,Comedy,Movie,7,0,78,91.29
U0025,S013,Free,Hyderabad,Comedy,Movie,6,1,37,61.17
U0073,S013,Free,Noida,Comedy,Movie,7,4,55,108.5
U0153,S013,Premium,Noida,Comedy,Movie,5,5,64,79.82
U0322,S013,Free,Chennai,Comedy,Movie,8,4,54,76.02
U0445,S013,Free,Bangalore,Comedy,Movie,9,4,20,43.79
U0040,S013,Free,Mumbai,Comedy,Movie,5,5,139,117.76
U0094,S013,Basic,Noida,Comedy,Movie,7,1,75,83.88
U0278,S013,Basic,Bangalore,Comedy,Movie,6,3,98,122.01
U0467,S013,Basic,Mumbai,Comedy,Movie,9,4,99,92.93
U0131,S013,Premium,Kolkata,Comedy,Movie,9,4,159,134.11
U0013,S013,Standard,Chennai,Comedy,Movie,6,1,136,114.77
U0500,S013,Basic,Delhi,Comedy,Movie,4,3,90,98.23
U0399,S013,Basic,Hyderabad,Comedy,Movie,7,5,26,55.19
U0187,S013,Standard,Mumbai,Comedy,Movie,7,1,176,85.73
U0338,S013,Premium,Pune,Comedy,Movie,5,6,180,156.83
U0481,S013,Basic,Pune,Comedy,Movie,8,2,145,131.21
U0421,S013,Standard,Mumbai,Comedy,Movie,8,6,63,75.78
U0283,S013,Basic,Mumbai,Comedy,Movie,7,2,168,143.46
U0462,S013,Standard,Kolkata,Comedy,Movie,9,2,144,131.92
U0284,S013,Basic,Kolkata,Comedy,Movie,9,4,40,88.27
U0012,S013,Free,Hyderabad,Comedy,Movie,4,3,52,80.05
U0030,S013,Free,Chennai,Comedy,Movie,8,3,28,55.36
U0225,S013,Free,Hyderabad,Comedy,Movie,6,2,114,103.91
U0417,S013,Free,Chennai,Comedy,Movie,9,1,173,106.86
U0261,S013,Free,Mumbai,Comedy,Movie,6,2,36,49.4
U0424,S013,Premium,Kolkata,Comedy,Movie,8,5,44,127.4
U0141,S013,Free,Bangalore,Comedy,Movie,4,2,95,63.02
U0437,S013,Basic,Mumbai,Comedy,Movie,4,5,95,101.8
U0294,S013,Free,Kolkata,Comedy,Movie,6,4,102,101.23
U0429,S013,Basic,Pune,Comedy,Movie,5,2,34,63.29
U0374,S013,Basic,Mumbai,Comedy,Movie,5,4,60,71.24
U0294,S013,Free,Kolkata,Comedy,Movie,5,6,135,111.37
U0158,S013,Standard,Kolkata,Comedy,Movie,6,5,155,135.73
U0347,S013,Free,Hyderabad,Comedy,Movie,4,6,97,87.58
U0390,S013,Basic,Bangalore,Comedy,Movie,8,3,84,90.57
U0153,S013,Premium,Noida,Comedy,Movie,7,6,131,120.74
U0273,S013,Free,Mumbai,Comedy,Movie,7,2,16,34.96
U0241,S013,Standard,Delhi,Comedy,Movie,5,5,10,34.57
U0182,S013,Basic,Pune,Comedy,Movie,9,0,122,84.12
U0302,S013,Free,Chennai,Comedy,Movie,5,4,87,87.31
U0390,S013,Basic,Bangalore,Comedy,Movie,5,4,106,100.59
U0199,S013,Basic,Hyderabad,Comedy,Movie,3,6,24,51.5
U0265,S013,Premium,Kolkata,Comedy,Movie,5,2,88,82.43
U0417,S013,Free,Chennai,Comedy,Movie,8,5,87,84.63
U0079,S013,Standard,Kolkata,Comedy,Movie,7,3,32,47.5
U0182,S013,Basic,Pune,Comedy,Movie,9,2,92,90.89
U0308,S013,Premium,Bangalore,Comedy,Movie,9,2,178,135.0
U0226,S013,Basic,Hyderabad,Comedy,Movie,7,3,112,110.11
U0106,S013,Standard,Mumbai,Comedy,Movie,4,6,121,116.28
U0425,S013,Basic,Kolkata,Comedy,Movie,5,1,37,55.4
U0019,S013,Free,Mumbai,Comedy,Movie,4,6,53,72.26
U0161,S013,Standard,Chennai,Comedy,Movie,4,2,87,90.06
U0373,S013,Premium,Delhi,Comedy,Movie,7,0,96,100.23
U0007,S013,Free,Chennai,Comedy,Movie,9,3,129,111.44
U0219,S013,Standard,Delhi,Comedy,Movie,7,1,30,56.45
U0249,S013,Free,Hyderabad,Comedy,Movie,9,6,75,86.53
U0336,S013,Premium,Noida,Comedy,Movie,7,4,44,68.56
U0075,S013,Free,Kolkata,Comedy,Movie,9,4,80,93.57
U0145,S013,Basic,Chennai,Comedy,Movie,8,2,148,101.31
U0350,S013,Basic,Kolkata,Comedy,Movie,6,3,178,153.07
U0410,S013,Free,Pune,Comedy,Movie,6,5,33,97.74
U0483,S013,Free,Bangalore,Comedy,Movie,8,5,147,105.03
U0102,S013,Premium,Hyderabad,Comedy,Movie,9,5,115,110.32
U0486,S013,Premium,Noida,Comedy,Movie,4,0,128,111.59
U0409,S013,Free,Kolkata,Comedy,Movie,5,4,60,73.94
U0293,S013,Free,Bangalore,Comedy,Movie,8,0,33,102.94
U0359,S013,Premium,Hyderabad,Comedy,Movie,5,3,140,83.26
U0205,S013,Free,Bangalore,Comedy,Movie,9,6,48,101.44
U0178,S013,Basic,Noida,Comedy,Movie,6,6,24,50.9
U0440,S013,Free,Delhi,Comedy,Movie,5,2,160,95.52
U0304,S013,Free,Chennai,Comedy,Movie,9,2,34,99.46
U0104,S013,Standard,Delhi,Comedy,Movie,6,2,156,145.83
U0477,S013,Premium,Mumbai,Comedy,Movie,5,3,158,123.05
U0121,S013,Premium,Chennai,Comedy,Movie,5,2,74,85.25
U0493,S013,Basic,Delhi,Comedy,Movie,5,1,128,107.79
U0085,S013,Basic,Bangalore,Comedy,Movie,8,3,40,64.04
U0039,S014,Free,Bangalore,Documentary,Series,5,6,38,53.68
U0429,S014,Basic,Pune,Documentary,Series,6,5,129,120.83
U0440,S014,Free,Delhi,Documentary,Series,9,4,97,95.04
U0258,S014,Free,Pune,Documentary,Series,7,6,86,82.1
U0404,S014,Premium,Delhi,Documentary,Series,5,0,24,40.11
U0338,S014,Premium,Pune,Documentary,Series,5,0,104,99.15
U0377,S014,Free,Bangalore,Documentary,Series,7,3,169,140.79
U0090,S014,Free,Noida,Documentary,Series,6,0,131,121.82
U0370,S014,Free,Noida,Documentary,Series,8,2,139,124.88
U0464,S014,Basic,Delhi,Documentary,Series,9,6,62,81.7
U0326,S014,Basic,Hyderabad,Documentary,Series,3,0,117,110.2
U0052,S014,Basic,Pune,Documentary,Series,7,6,36,66.88
U0188,S014,Free,Mumbai,Documentary,Series,7,0,28,65.84
U0031,S014,Free,Pune,Documentary,Series,5,0,29,108.92
U0415,S014,Basic,Bangalore,Documentary,Series,4,6,148,126.87
U0435,S014,Premium,Kolkata,Documentary,Series,8,6,122,114.95
U0360,S014,Standard,Pune,Documentary,Series,3,4,144,125.66
U0405,S014,Free,Delhi,Documentary,Series,8,1,164,134.45
U0209,S014,Free,Hyderabad,Documentary,Series,6,2,23,46.14
U0384,S014,Premium,Pune,Documentary,Series,9,1,66,99.69
U0068,S014,Free,Bangalore,Documentary,Series,7,5,125,127.22
U0437,S014,Basic,Mumbai,Documentary,Series,7,5,151,128.28
U0376,S014,Premium,Chennai,Documentary,Series,7,5,47,57.77
U0030,S014,Free,Chennai,Documentary,Series,5,6,93,74.22
U0344,S014,Free,Mumbai,Documentary,Series,6,5,163,150.52
U0424,S014,Premium,Kolkata,Documentary,Series,4,1,44,70.15
U0333,S014,Free,Pune,Documentary,Series,7,3,54,81.69
U0155,S014,Free,Noida,Documentary,Series,8,2,116,109.07
U0425,S014,Basic,Kolkata,Documentary,Series,3,2,21,79.82
U0430,S014,Free,Bangalore,Documentary,Series,8,3,137,129.13
U0259,S014,Standard,Chennai,Documentary,Series,7,6,43,70.15
U0215,S014,Free,Bangalore,Documentary,Series,9,2,129,107.9
U0370,S014,Free,Noida,Documentary,Series,7,5,165,140.14
U0119,S014,Free,Hyderabad,Documentary,Series,5,1,43,57.11
U0256,S014,Basic,Delhi,Documentary,Series,4,3,114,111.92
U0074,S014,Basic,Mumbai,Documentary,Series,9,1,22,53.71
U0356,S014,Basic,Delhi,Documentary,Series,6,1,147,126.12
U0277,S014,Basic,Hyderabad,Documentary,Series,9,3,143,100.41
U0202,S014,Standard,Hyderabad,Documentary,Series,5,3,150,118.72
U0346,S014,Basic,Hyderabad,Documentary,Series,6,3,26,45.11
U0412,S014,Free,Bangalore,Documentary,Series,6,6,77,88.39
U0435,S014,Premium,Kolkata,Documentary,Series,5,0,135,120.82
U0007,S014,Free,Chennai,Documentary,Series,4,3,128,94.0
U0412,S014,Free,Bangalore,Documentary,Series,5,4,78,99.83
U0179,S014,Basic,Hyderabad,Documentary,Series,9,6,82,99.35
U0141,S014,Free,Bangalore,Documentary,Series,5,5,125,119.37
U0011,S014,Free,Kolkata,Documentary,Series,3,0,176,152.56
U0409,S014,Free,Kolkata,Documentary,Series,4,2,41,57.67
U0430,S014,Free,Bangalore,Documentary,Series,8,0,157,138.68
U0476,S014,Standard,Pune,Documentary,Series,8,2,105,100.89
U0424,S014,Premium,Kolkata,Documentary,Series,7,3,161,141.33
U0279,S014,Free,Kolkata,Documentary,Series,7,0,81,113.72
U0250,S014,Premium,Hyderabad,Documentary,Series,4,6,55,59.92
U0366,S014,Standard,Pune,Documentary,Series,5,1,81,81.91
U0087,S014,Free,Kolkata,Documentary,Series,3,5,27,70.11
U0110,S014,Standard,Noida,Documentary,Series,5,1,110,107.48
U0020,S014,Basic,Hyderabad,Documentary,Series,7,3,136,123.22
U0164,S014,Basic,Pune,Documentary,Series,5,4,87,91.19
U0316,S014,Premium,Bangalore,Documentary,Series,4,3,86,79.25
U0043,S014,Free,Chennai,Documentary,Series,6,4,37,56.09
U0026,S014,Standard,Mumbai,Documentary,Series,9,3,23,41.09
U0496,S014,Standard,Hyderabad,Documentary,Series,5,0,18,47.86
U0183,S014,Free,Hyderabad,Documentary,Series,8,3,111,112.41
U0189,S014,Free,Mumbai,Documentary,Series,8,4,99,101.72
U0116,S014,Basic,Pune,Documentary,Series,7,6,121,102.72
U0236,S014,Premium,Pune,Documentary,Series,6,0,130,114.42
U0038,S014,Standard,Noida,Documentary,Series,7,6,145,89.4
U0294,S014,Free,Kolkata,Documentary,Series,7,4,119,115.79
U0208,S014,Basic,Noida,Documentary,Series,3,6,166,142.48
U0061,S014,Premium,Kolkata,Documentary,Series,6,1,15,48.05
U0073,S014,Free,Noida,Documentary,Series,5,3,166,149.2
U0046,S014,Standard,Kolkata,Documentary,Series,8,0,109,116.92
U0181,S014,Basic,Bangalore,Documentary,Series,6,3,152,84.47
U0058,S014,Premium,Pune,Documentary,Series,7,4,84,88.34
U0231,S014,Basic,Kolkata,Documentary,Series,4,1,94,83.52
U0152,S014,Basic,Bangalore,Documentary,Series,5,1,78,78.395
U0201,S014,Premium,Chennai,Documentary,Series,4,5,44,62.02
U0302,S014,Free,Chennai,Documentary,Series,5,2,150,120.58
U0091,S014,Free,Delhi,Documentary,Series,7,3,79,87.64
U0358,S014,Premium,Kolkata,Documentary,Series,7,4,148,134.58
U0159,S014,Free,Delhi,Documentary,Series,4,0,126,105.07
U0058,S014,Premium,Pune,Documentary,Series,6,2,75,79.85
U0391,S014,Basic,Hyderabad,Documentary,Series,6,6,21,67.44
U0436,S014,Free,Mumbai,Documentary,Series,7,2,53,103.71
U0089,S014,Free,Noida,Documentary,Series,5,3,121,119.27
U0446,S014,Premium,Noida,Documentary,Series,5,2,42,120.1
U0121,S014,Premium,Chennai,Documentary,Series,5,5,55,69.87
U0476,S014,Standard,Pune,Documentary,Series,6,5,18,57.34
U0214,S014,Premium,Bangalore,Documentary,Series,4,2,76,77.44
U0465,S014,Free,Delhi,Documentary,Series,7,3,79,86.49
U0476,S014,Standard,Pune,Documentary,Series,4,4,62,72.48
U0372,S014,Basic,Kolkata,Documentary,Series,3,6,117,94.05
U0495,S014,Standard,Bangalore,Documentary,Series,8,0,170,148.705
U0482,S014,Free,Pune,Documentary,Series,5,4,31,50.81
U0049,S014,Basic,Kolkata,Documentary,Series,6,2,47,56.71
U0009,S015,Basic,Mumbai,Documentary,Movie,7,4,49,128.75
U0270,S015,Free,Delhi,Documentary,Movie,6,5,38,71.93
U0367,S015,Basic,Chennai,Documentary,Movie,6,5,169,151.01
U0422,S015,Premium,Delhi,Documentary,Movie,4,3,171,104.73
U0498,S015,Free,Pune,Documentary,Movie,8,3,115,114.45
U0367,S015,Basic,Chennai,Documentary,Movie,4,4,143,129.56
U0157,S015,Premium,Mumbai,Documentary,Movie,9,3,165,145.08
U0427,S015,Premium,Noida,Documentary,Movie,5,1,95,95.25
U0073,S015,Free,Noida,Documentary,Movie,8,2,158,144.26
U0056,S015,Free,Bangalore,Documentary,Movie,4,3,92,89.35
U0436,S015,Free,Mumbai,Documentary,Movie,7,2,144,129.48
U0010,S015,Free,Delhi,Documentary,Movie,6,2,26,94.45
U0233,S015,Free,Delhi,Documentary,Movie,4,4,27,48.75
U0050,S015,Free,Hyderabad,Documentary,Movie,9,5,160,145.63
U0229,S015,Basic,Mumbai,Documentary,Movie,8,3,145,143.28
U0240,S015,Basic,Delhi,Documentary,Movie,6,0,152,131.66
U0198,S015,Premium,Kolkata,Documentary,Movie,4,0,87,103.79
U0127,S015,Free,Delhi,Documentary,Movie,5,6,169,135.02
U0472,S015,Standard,Chennai,Documentary,Movie,6,1,158,100.47200000000001
U0344,S015,Free,Mumbai,Documentary,Movie,3,0,177,109.02
U0214,S015,Premium,Bangalore,Documentary,Movie,5,6,129,114.6
U0350,S015,Basic,Kolkata,Documentary,Movie,9,3,100,107.8
U0294,S015,Free,Kolkata,Documentary,Movie,6,6,30,54.25
U0172,S015,Basic,Chennai,Documentary,Movie,4,3,50,59.76
U0125,S015,Premium,Hyderabad,Documentary,Movie,5,5,39,115.16
U0173,S015,Basic,Mumbai,Documentary,Movie,6,6,149,98.22
U0013,S015,Standard,Chennai,Documentary,Movie,7,1,40,69.805
U0001,S015,Premium,Hyderabad,Documentary,Movie,7,0,46,60.57
U0184,S015,Premium,Noida,Documentary,Movie,9,5,168,152.54
U0408,S015,Basic,Chennai,Documentary,Movie,7,0,31,59.98
U0338,S015,Premium,Pune,Documentary,Movie,4,1,60,77.45
U0452,S015,Basic,Bangalore,Documentary,Movie,7,4,34,61.841
U0355,S015,Standard,Kolkata,Documentary,Movie,7,6,155,121.82
U0044,S015,Basic,Hyderabad,Documentary,Movie,5,0,62,92.41
U0272,S015,Standard,Delhi,Documentary,Movie,4,1,113,102.29
U0228,S015,Basic,Chennai,Documentary,Movie,7,3,60,83.5
U0068,S015,Free,Bangalore,Documentary,Movie,6,0,104,100.99
U0049,S015,Basic,Kolkata,Documentary,Movie,4,1,61,73.25
U0378,S015,Standard,Hyderabad,Documentary,Movie,8,0,174,103.395
U0368,S015,Premium,Delhi,Documentary,Movie,8,3,118,103.79
U0483,S015,Free,Bangalore,Documentary,Movie,5,3,75,83.79
U0309,S015,Free,Delhi,Documentary,Movie,4,2,68,82.7
U0367,S015,Basic,Chennai,Documentary,Movie,5,4,141,136.25
U0037,S015,Standard,Kolkata,Documentary,Movie,8,5,101,106.32
U0138,S015,Basic,Kolkata,Documentary,Movie,7,4,124,125.48
U0247,S015,Free,Mumbai,Documentary,Movie,5,4,136,124.06
U0429,S015,Basic,Pune,Documentary,Movie,7,3,140,131.19
U0292,S015,Free,Mumbai,Documentary,Movie,7,6,125,87.66
U0163,S015,Standard,Pune,Documentary,Movie,5,1,14,44.037
U0183,S015,Free,Hyderabad,Documentary,Movie,7,5,108,114.0
U0443,S015,Free,Pune,Documentary,Movie,4,5,164,134.98
U0182,S015,Basic,Pune,Documentary,Movie,8,0,10,44.75
U0288,S015,Premium,Delhi,Documentary,Movie,3,0,149,125.99
U0137,S015,Premium,Noida,Documentary,Movie,6,2,153,140.59
U0364,S015,Standard,Bangalore,Documentary,Movie,6,1,100,122.17864285714286
U0405,S015,Free,Delhi,Documentary,Movie,3,0,31,116.45
U0190,S015,Free,Bangalore,Documentary,Movie,6,1,26,51.783142857142856
U0445,S015,Free,Bangalore,Documentary,Movie,8,5,63,76.41714285714285
U0026,S015,Standard,Mumbai,Documentary,Movie,7,3,14,49.65
U0491,S015,Standard,Delhi,Documentary,Movie,5,3,172,146.28
U0463,S015,Free,Mumbai,Documentary,Movie,4,6,77,83.61
U0280,S015,Basic,Pune,Documentary,Movie,6,2,180,144.72
U0125,S015,Premium,Hyderabad,Documentary,Movie,3,1,78,81.76
U0491,S015,Standard,Delhi,Documentary,Movie,5,2,57,127.3
U0283,S015,Basic,Mumbai,Documentary,Movie,4,0,81,95.7
U0263,S015,Basic,Delhi,Documentary,Movie,9,3,128,119.84
U0195,S015,Standard,Noida,Documentary,Movie,9,6,28,75.91
U0239,S015,Basic,Hyderabad,Documentary,Movie,8,5,157,142.4
U0288,S015,Premium,Delhi,Documentary,Movie,8,3,53,121.74
U0123,S015,Premium,Pune,Documentary,Movie,5,1,140,127.29
U0029,S015,Free,Chennai,Documentary,Movie,5,4,44,58.43
U0340,S015,Premium,Bangalore,Documentary,Movie,8,2,141,111.5
U0327,S015,Standard,Kolkata,Documentary,Movie,7,3,80,91.66799999999999
U0155,S015,Free,Noida,Documentary,Movie,4,0,146,121.12
U0370,S015,Free,Noida,Documentary,Movie,4,2,72,80.28
U0076,S015,Free,Delhi,Documentary,Movie,3,4,123,107.13
U0343,S015,Basic,Mumbai,Documentary,Movie,5,4,158,143.71
U0371,S015,Free,Pune,Documentary,Movie,9,0,177,151.42
U0329,S015,Free,Pune,Documentary,Movie,8,2,13,53.42
U0276,S015,Premium,Mumbai,Documentary,Movie,5,1,155,137.17
U0324,S015,Standard,Delhi,Documentary,Movie,4,2,44,66.36
U0024,S015,Basic,Chennai,Documentary,Movie,4,4,92,93.49
U0108,S015,Free,Hyderabad,Documentary,Movie,6,1,171,132.125
U0097,S015,Basic,Noida,Documentary,Movie,6,0,45,61.98
U0155,S015,Free,Noida,Documentary,Movie,4,3,28,48.91
U0011,S015,Free,Kolkata,Documentary,Movie,5,0,140,135.27
U0161,S015,Standard,Chennai,Documentary,Movie,3,0,22,63.02
U0032,S015,Free,Noida,Documentary,Movie,8,0,150,138.455
U0166,S015,Standard,Bangalore,Documentary,Movie,8,3,14,42.965
U0479,S015,Free,Chennai,Documentary,Movie,8,1,168,149.175
U0461,S015,Basic,Chennai,Documentary,Movie,8,6,36,61.76
U0089,S015,Free,Noida,Documentary,Movie,8,0,122,124.925
U0138,S015,Basic,Kolkata,Documentary,Movie,5,3,179,149.92
U0459,S015,Premium,Bangalore,Documentary,Movie,4,2,91,82.015
U0049,S015,Basic,Kolkata,Documentary,Movie,8,3,79,88.03
U0436,S015,Free,Mumbai,Documentary,Movie,9,0,104,113.42
U0193,S015,Standard,Delhi,Documentary,Movie,6,0,124,122.35
U0313,S015,Free,Hyderabad,Documentary,Movie,6,3,82,98.03
U0226,S015,Basic,Hyderabad,Documentary,Movie,5,4,35,55.07
U0396,S015,Basic,Mumbai,Documentary,Movie,8,3,168,140.54
U0047,S015,Basic,Pune,Documentary,Movie,5,0,33,50.71
U0063,S015,Basic,Bangalore,Documentary,Movie,5,4,35,91.021
U0364,S015,Standard,Bangalore,Documentary,Movie,6,1,157,122.17864285714286
U0119,S015,Free,Hyderabad,Documentary,Movie,3,5,89,90.28
U0034,S015,Standard,Pune,Documentary,Movie,4,4,136,126.51
U0401,S015,Free,Kolkata,Documentary,Movie,6,2,82,88.52
U0402,S015,Basic,Kolkata,Documentary,Movie,4,6,15,45.99
U0153,S016,Premium,Noida,Romance,Movie,8,6,82,92.48
U0316,S016,Premium,Bangalore,Romance,Movie,4,2,37,50.47
U0492,S016,Free,Delhi,Romance,Movie,7,0,36,60.54
U0463,S016,Free,Mumbai,Romance,Movie,5,3,63,69.67
U0089,S016,Free,Noida,Romance,Movie,7,5,22,53.47
U0328,S016,Free,Hyderabad,Romance,Movie,7,1,165,130.52
U0482,S016,Free,Pune,Romance,Movie,5,0,46,50.88
U0043,S016,Free,Chennai,Romance,Movie,7,4,96,81.64
U0263,S016,Basic,Delhi,Romance,Movie,7,0,153,133.76
U0052,S016,Basic,Pune,Romance,Movie,6,6,91,84.55
U0111,S016,Basic,Noida,Romance,Movie,6,1,90,90.49
U0351,S016,Free,Bangalore,Romance,Movie,6,5,41,55.4
U0399,S016,Basic,Hyderabad,Romance,Movie,3,3,113,106.01
U0474,S016,Premium,Bangalore,Romance,Movie,5,2,30,49.45
U0325,S016,Basic,Delhi,Romance,Movie,8,5,29,52.29
U0075,S016,Free,Kolkata,Romance,Movie,5,0,169,119.79
U0418,S016,Basic,Hyderabad,Romance,Movie,5,5,125,96.2
U0224,S016,Standard,Pune,Romance,Movie,4,5,31,57.51
U0012,S016,Free,Hyderabad,Romance,Movie,5,3,52,74.75
U0169,S016,Standard,Chennai,Romance,Movie,4,6,77,77.84
U0041,S016,Basic,Delhi,Romance,Movie,6,1,156,135.1
U0025,S016,Free,Hyderabad,Romance,Movie,6,0,164,100.72
U0324,S016,Standard,Delhi,Romance,Movie,6,6,120,109.04
U0204,S016,Free,Hyderabad,Romance,Movie,7,4,132,121.22
U0471,S016,Basic,Mumbai,Romance,Movie,8,4,167,141.85
U0495,S016,Standard,Bangalore,Romance,Movie,5,5,160,130.56
U0093,S016,Standard,Kolkata,Romance,Movie,7,1,57,75.97
U0086,S016,Free,Hyderabad,Romance,Movie,9,2,178,155.61
U0435,S016,Premium,Kolkata,Romance,Movie,5,6,145,84.33
U0207,S016,Basic,Hyderabad,Romance,Movie,6,2,162,145.15
U0357,S016,Basic,Chennai,Romance,Movie,6,0,71,85.6
U0054,S016,Standard,Kolkata,Romance,Movie,7,0,17,94.19
U0178,S016,Basic,Noida,Romance,Movie,7,2,143,123.61
U0143,S016,Free,Kolkata,Romance,Movie,7,3,22,41.33
U0003,S016,Free,Mumbai,Romance,Movie,6,0,94,87.94
U0434,S016,Free,Hyderabad,Romance,Movie,5,6,170,125.72
U0439,S016,Standard,Kolkata,Romance,Movie,6,1,71,70.72
U0333,S016,Free,Pune,Romance,Movie,6,1,85,85.31
U0018,S016,Standard,Chennai,Romance,Movie,5,2,48,62.21
U0098,S016,Free,Delhi,Romance,Movie,6,6,18,36.56
U0059,S016,Free,Hyderabad,Romance,Movie,5,6,11,42.75
U0337,S016,Basic,Bangalore,Romance,Movie,5,6,87,95.29
U0331,S016,Premium,Bangalore,Romance,Movie,8,3,27,49.6
U0406,S016,Standard,Mumbai,Romance,Movie,7,4,155,136.54
U0144,S016,Basic,Mumbai,Romance,Movie,7,5,55,71.86
U0226,S016,Basic,Hyderabad,Romance,Movie,5,6,29,47.8
U0206,S016,Premium,Hyderabad,Romance,Movie,7,3,109,106.53
U0123,S016,Premium,Pune,Romance,Movie,4,2,158,116.47
U0218,S016,Standard,Chennai,Romance,Movie,6,2,108,105.03
U0029,S016,Free,Chennai,Romance,Movie,5,1,170,124.74
U0346,S016,Basic,Hyderabad,Romance,Movie,8,6,124,114.89
U0039,S016,Free,Bangalore,Romance,Movie,5,2,48,54.77
U0251,S016,Basic,Kolkata,Romance,Movie,5,5,104,93.91
U0494,S016,Basic,Noida,Romance,Movie,8,0,87,100.21
U0150,S016,Free,Kolkata,Romance,Movie,9,5,37,58.23
U0050,S016,Free,Hyderabad,Romance,Movie,8,2,93,114.41
U0296,S016,Basic,Noida,Romance,Movie,6,6,54,60.29
U0361,S016,Free,Mumbai,Romance,Movie,6,3,48,60.03
U0219,S016,Standard,Delhi,Romance,Movie,7,1,96,85.9
U0318,S016,Basic,Mumbai,Romance,Movie,4,1,43,62.21
U0158,S016,Standard,Kolkata,Romance,Movie,6,2,155,128.12
U0306,S016,Standard,Mumbai,Romance,Movie,5,1,103,98.13
U0464,S016,Basic,Delhi,Romance,Movie,4,4,166,144.15
U0412,S016,Free,Bangalore,Romance,Movie,8,6,177,151.81
U0078,S016,Free,Chennai,Romance,Movie,7,4,92,98.95
U0480,S016,Standard,Chennai,Romance,Movie,6,4,28,54.1
U0204,S016,Free,Hyderabad,Romance,Movie,8,5,160,107.9
U0104,S016,Standard,Delhi,Romance,Movie,5,3,168,142.2
U0357,S016,Basic,Chennai,Romance,Movie,7,1,106,94.96
U0170,S016,Free,Noida,Romance,Movie,6,0,85,90.84
U0474,S016,Premium,Bangalore,Romance,Movie,5,6,120,88.6
U0452,S016,Basic,Bangalore,Romance,Movie,5,3,167,133.69
U0092,S016,Premium,Kolkata,Romance,Movie,5,6,65,73.99
U0093,S016,Standard,Kolkata,Romance,Movie,7,4,154,127.97
U0168,S016,Free,Kolkata,Romance,Movie,7,2,63,66.53
U0123,S016,Premium,Pune,Romance,Movie,6,1,53,122.04
U0123,S016,Premium,Pune,Romance,Movie,5,3,10,107.02
U0024,S016,Basic,Chennai,Romance,Movie,5,6,74,80.61
U0357,S016,Basic,Chennai,Romance,Movie,8,3,88,85.49
U0035,S016,Premium,Delhi,Romance,Movie,4,4,39,70.94
U0058,S016,Premium,Pune,Romance,Movie,9,2,66,72.55
U0367,S016,Basic,Chennai,Romance,Movie,6,5,32,102.85
U0282,S016,Free,Noida,Romance,Movie,5,2,48,53.04
U0151,S016,Basic,Noida,Romance,Movie,5,3,113,103.07
U0311,S016,Free,Hyderabad,Romance,Movie,4,3,38,65.07
U0369,S016,Standard,Mumbai,Romance,Movie,7,4,16,115.79
U0433,S016,Basic,Chennai,Romance,Movie,5,3,109,104.87
U0083,S016,Standard,Noida,Romance,Movie,7,3,133,118.82
U0139,S016,Basic,Hyderabad,Romance,Movie,7,5,17,104.24
U0062,S016,Free,Chennai,Romance,Movie,8,3,99,101.72
U0456,S016,Free,Kolkata,Romance,Movie,5,2,23,43.06
U0229,S016,Basic,Mumbai,Romance,Movie,5,3,131,118.22
U0020,S016,Basic,Hyderabad,Romance,Movie,9,1,154,147.36
U0446,S017,Premium,Noida,Thriller,Movie,7,3,71,78.68
U0399,S017,Basic,Hyderabad,Thriller,Movie,3,1,130,121.37
U0215,S017,Free,Bangalore,Thriller,Movie,7,1,18,41.92
U0062,S017,Free,Chennai,Thriller,Movie,3,1,12,123.66
U0155,S017,Free,Noida,Thriller,Movie,7,4,26,83.68
U0219,S017,Standard,Delhi,Thriller,Movie,9,2,21,50.3
U0406,S017,Standard,Mumbai,Thriller,Movie,7,4,147,135.26
U0004,S017,Premium,Bangalore,Thriller,Movie,4,2,108,110.26
U0195,S017,Standard,Noida,Thriller,Movie,7,5,135,102.43
U0041,S017,Basic,Delhi,Thriller,Movie,9,6,85,103.52
U0050,S017,Free,Hyderabad,Thriller,Movie,4,0,105,119.57
U0305,S017,Standard,Mumbai,Thriller,Movie,4,0,129,122.12
U0232,S017,Basic,Bangalore,Thriller,Movie,4,5,85,99.43
U0305,S017,Standard,Mumbai,Thriller,Movie,7,6,44,104.38
U0175,S017,Basic,Mumbai,Thriller,Movie,8,2,117,115.72
U0149,S017,Free,Hyderabad,Thriller,Movie,8,2,159,147.26
U0102,S017,Premium,Hyderabad,Thriller,Movie,4,1,44,74.41
U0012,S017,Free,Hyderabad,Thriller,Movie,4,3,153,137.57
U0239,S017,Basic,Hyderabad,Thriller,Movie,6,1,51,72.34
U0164,S017,Basic,Pune,Thriller,Movie,9,3,148,127.46
U0105,S017,Free,Mumbai,Thriller,Movie,9,1,129,119.18
U0039,S017,Free,Bangalore,Thriller,Movie,7,5,21,69.25
U0403,S017,Standard,Bangalore,Thriller,Movie,4,4,72,83.58
U0183,S017,Free,Hyderabad,Thriller,Movie,5,5,155,132.13
U0472,S017,Standard,Chennai,Thriller,Movie,6,0,156,147.46
U0210,S017,Standard,Pune,Thriller,Movie,5,3,70,91.68
U0109,S017,Standard,Noida,Thriller,Movie,4,3,108,96.27
U0312,S017,Basic,Noida,Thriller,Movie,7,1,150,78.83
U0302,S017,Free,Chennai,Thriller,Movie,4,3,145,127.59
U0041,S017,Basic,Delhi,Thriller,Movie,8,0,97,92.27
U0084,S017,Free,Bangalore,Thriller,Movie,7,2,85,97.51
U0395,S017,Premium,Mumbai,Thriller,Movie,5,5,122,120.15
U0201,S017,Premium,Chennai,Thriller,Movie,7,3,38,88.41
U0500,S017,Basic,Delhi,Thriller,Movie,3,0,118,113.70666666666668
U0489,S017,Free,Hyderabad,Thriller,Movie,7,0,150,140.19
U0250,S017,Premium,Hyderabad,Thriller,Movie,7,4,94,98.96
U0070,S017,Premium,Chennai,Thriller,Movie,4,2,124,113.31
U0337,S017,Basic,Bangalore,Thriller,Movie,7,2,105,93.35
U0214,S017,Premium,Bangalore,Thriller,Movie,8,4,32,60.44
U0204,S017,Free,Hyderabad,Thriller,Movie,9,3,88,134.86
U0441,S017,Standard,Kolkata,Thriller,Movie,5,5,102,101.18
U0313,S017,Free,Hyderabad,Thriller,Movie,5,0,127,133.37
U0233,S017,Free,Delhi,Thriller,Movie,9,5,68,87.51
U0161,S017,Standard,Chennai,Thriller,Movie,4,6,84,89.1
U0327,S017,Standard,Kolkata,Thriller,Movie,7,3,76,108.28
U0456,S017,Free,Kolkata,Thriller,Movie,7,3,25,54.57
U0292,S017,Free,Mumbai,Thriller,Movie,9,0,136,105.63
U0313,S017,Free,Hyderabad,Thriller,Movie,4,2,171,148.13
U0337,S017,Basic,Bangalore,Thriller,Movie,7,2,85,93.35
U0481,S017,Basic,Pune,Thriller,Movie,8,1,177,150.21
U0140,S017,Standard,Chennai,Thriller,Movie,5,1,143,87.59
U0449,S017,Premium,Kolkata,Thriller,Movie,6,3,54,66.7
U0039,S017,Free,Bangalore,Thriller,Movie,8,4,160,126.48
U0295,S017,Free,Noida,Thriller,Movie,6,0,37,66.87
U0490,S017,Basic,Bangalore,Thriller,Movie,7,4,115,100.93
U0097,S017,Basic,Noida,Thriller,Movie,4,4,70,77.14
U0045,S017,Basic,Bangalore,Thriller,Movie,7,3,113,103.32
U0414,S017,Free,Kolkata,Thriller,Movie,4,3,135,125.54
U0193,S017,Standard,Delhi,Thriller,Movie,4,6,71,80.8
U0313,S017,Free,Hyderabad,Thriller,Movie,4,5,91,107.67
U0062,S017,Free,Chennai,Thriller,Movie,7,1,146,131.21
U0442,S017,Free,Noida,Thriller,Movie,9,5,153,130.94
U0318,S017,Basic,Mumbai,Thriller,Movie,7,4,137,113.64
U0293,S017,Free,Bangalore,Thriller,Movie,7,6,75,100.55
U0234,S017,Premium,Delhi,Thriller,Movie,3,6,128,124.84
U0013,S017,Standard,Chennai,Thriller,Movie,6,2,41,69.925
U0365,S017,Free,Hyderabad,Thriller,Movie,5,0,143,139.62
U0229,S017,Basic,Mumbai,Thriller,Movie,5,6,165,102.16
U0464,S017,Basic,Delhi,Thriller,Movie,8,1,24,54.67
U0180,S017,Basic,Hyderabad,Thriller,Movie,6,3,70,93.02
U0141,S017,Free,Bangalore,Thriller,Movie,3,6,175,145.6
U0388,S017,Free,Noida,Thriller,Movie,4,0,23,48.18
U0381,S017,Free,Delhi,Thriller,Movie,9,1,80,87.13
U0472,S017,Standard,Chennai,Thriller,Movie,8,6,105,108.05
U0095,S017,Free,Delhi,Thriller,Movie,6,2,101,98.87
U0400,S017,Premium,Pune,Thriller,Movie,9,0,96,106.36
U0355,S017,Standard,Kolkata,Thriller,Movie,9,5,92,98.51
U0129,S017,Standard,Chennai,Thriller,Movie,4,0,166,150.33
U0480,S017,Standard,Chennai,Thriller,Movie,4,6,16,39.01
U0278,S017,Basic,Bangalore,Thriller,Movie,6,4,178,142.21
U0004,S017,Premium,Bangalore,Thriller,Movie,4,1,141,129.91
U0345,S017,Free,Pune,Thriller,Movie,6,5,163,135.78
U0077,S017,Basic,Pune,Thriller,Movie,7,4,96,104.77
U0092,S017,Premium,Kolkata,Thriller,Movie,8,1,37,57.0
U0429,S017,Basic,Pune,Thriller,Movie,5,1,135,124.89
U0388,S017,Free,Noida,Thriller,Movie,4,6,25,79.17
U0467,S017,Basic,Mumbai,Thriller,Movie,4,5,153,135.73
U0439,S017,Standard,Kolkata,Thriller,Movie,9,4,161,136.23
U0095,S017,Free,Delhi,Thriller,Movie,6,5,133,119.0
U0494,S017,Basic,Noida,Thriller,Movie,7,2,61,71.73
U0182,S017,Basic,Pune,Thriller,Movie,7,3,122,116.23
U0444,S017,Free,Hyderabad,Thriller,Movie,8,1,106,117.94
U0284,S017,Basic,Kolkata,Thriller,Movie,8,4,73,89.86
U0337,S017,Basic,Bangalore,Thriller,Movie,4,0,126,113.78
U0275,S017,Standard,Chennai,Thriller,Movie,7,2,170,134.95
U0076,S017,Free,Delhi,Thriller,Movie,7,1,72,76.44
U0454,S017,Free,Pune,Thriller,Movie,9,4,163,126.96
U0390,S017,Basic,Bangalore,Thriller,Movie,8,2,60,71.32
U0463,S017,Free,Mumbai,Thriller,Movie,4,1,46,63.24
U0265,S017,Premium,Kolkata,Thriller,Movie,3,5,78,92.96
U0201,S017,Premium,Chennai,Thriller,Movie,4,2,75,89.66
U0019,S017,Free,Mumbai,Thriller,Movie,6,1,78,79.24
U0279,S017,Free,Kolkata,Thriller,Movie,7,3,138,120.71
U0213,S017,Basic,Chennai,Thriller,Movie,4,2,118,109.08
U0167,S017,Free,Pune,Thriller,Movie,4,5,91,103.98
U0122,S017,Free,Chennai,Thriller,Movie,4,3,80,103.0
U0496,S017,Standard,Hyderabad,Thriller,Movie,9,6,140,127.76
U0449,S017,Premium,Kolkata,Thriller,Movie,3,5,138,114.94
U0059,S017,Free,Hyderabad,Thriller,Movie,5,0,153,132.57
U0453,S017,Premium,Mumbai,Thriller,Movie,6,3,35,59.98
U0386,S017,Standard,Kolkata,Thriller,Movie,4,3,143,130.27
U0347,S017,Free,Hyderabad,Thriller,Movie,9,2,168,148.54
U0292,S017,Free,Mumbai,Thriller,Movie,4,4,72,81.34
U0079,S017,Standard,Kolkata,Thriller,Movie,6,1,42,53.65
U0291,S017,Premium,Pune,Thriller,Movie,7,6,30,58.72
U0106,S017,Standard,Mumbai,Thriller,Movie,7,6,151,129.0
U0481,S017,Basic,Pune,Thriller,Movie,4,3,107,109.59
U0177,S017,Free,Pune,Thriller,Movie,4,1,20,107.64
U0428,S017,Free,Chennai,Thriller,Movie,8,0,139,127.91
U0397,S018,Basic,Mumbai,Comedy,Movie,5,1,170,139.69
U0141,S018,Free,Bangalore,Comedy,Movie,5,1,169,79.52
U0158,S018,Standard,Kolkata,Comedy,Movie,6,4,77,93.33
U0039,S018,Free,Bangalore,Comedy,Movie,6,5,109,100.52
U0484,S018,Free,Bangalore,Comedy,Movie,7,0,77,87.75
U0012,S018,Free,Hyderabad,Comedy,Movie,8,2,24,53.99
U0277,S018,Basic,Hyderabad,Comedy,Movie,5,1,73,77.74
U0416,S018,Basic,Bangalore,Comedy,Movie,5,2,106,99.45
U0454,S018,Free,Pune,Comedy,Movie,8,0,159,142.97
U0336,S018,Premium,Noida,Comedy,Movie,9,6,133,126.52
U0114,S018,Free,Chennai,Comedy,Movie,6,4,154,132.91
U0068,S018,Free,Bangalore,Comedy,Movie,6,4,161,143.92
U0085,S018,Basic,Bangalore,Comedy,Movie,8,4,76,83.68
U0166,S018,Standard,Bangalore,Comedy,Movie,4,1,44,55.44
U0231,S018,Basic,Kolkata,Comedy,Movie,5,1,72,79.59
U0190,S018,Free,Bangalore,Comedy,Movie,5,6,19,58.32
U0424,S018,Premium,Kolkata,Comedy,Movie,9,2,162,126.57
U0269,S018,Free,Bangalore,Comedy,Movie,5,3,11,95.53
U0138,S018,Basic,Kolkata,Comedy,Movie,9,3,12,45.73
U0084,S018,Free,Bangalore,Comedy,Movie,5,0,116,105.32
U0161,S018,Standard,Chennai,Comedy,Movie,4,6,126,120.84
U0283,S018,Basic,Mumbai,Comedy,Movie,9,3,116,118.87
U0494,S018,Basic,Noida,Comedy,Movie,3,1,158,133.06
U0338,S018,Premium,Pune,Comedy,Movie,5,3,77,91.17
U0420,S018,Basic,Bangalore,Comedy,Movie,6,5,156,139.08
U0398,S018,Premium,Noida,Comedy,Movie,5,4,60,77.4
U0365,S018,Free,Hyderabad,Comedy,Movie,7,2,78,81.9
U0208,S018,Basic,Noida,Comedy,Movie,5,4,31,65.27
U0154,S018,Free,Mumbai,Comedy,Movie,5,0,105,102.54
U0088,S018,Free,Kolkata,Comedy,Movie,4,4,17,46.03
U0241,S018,Standard,Delhi,Comedy,Movie,7,2,14,41.09
U0161,S018,Standard,Chennai,Comedy,Movie,7,6,175,154.75
U0446,S018,Premium,Noida,Comedy,Movie,4,4,87,96.18
U0333,S018,Free,Pune,Comedy,Movie,4,2,20,48.48
U0088,S018,Free,Kolkata,Comedy,Movie,7,3,95,88.98
U0399,S018,Basic,Hyderabad,Comedy,Movie,4,3,125,105.91
U0451,S018,Free,Pune,Comedy,Movie,7,5,25,44.27
U0170,S018,Free,Noida,Comedy,Movie,4,5,177,153.98
U0016,S018,Free,Kolkata,Comedy,Movie,4,4,103,87.9
U0137,S018,Premium,Noida,Comedy,Movie,5,3,65,109.43
U0420,S018,Basic,Bangalore,Comedy,Movie,7,5,116,119.45
U0021,S018,Basic,Hyderabad,Comedy,Movie,4,1,118,109.21
U0108,S018,Free,Hyderabad,Comedy,Movie,8,5,103,110.89
U0230,S018,Free,Hyderabad,Comedy,Movie,7,4,11,86.66
U0214,S018,Premium,Bangalore,Comedy,Movie,7,3,102,95.5
U0098,S018,Free,Delhi,Comedy,Movie,8,2,80,79.02
U0223,S018,Premium,Delhi,Comedy,Movie,8,6,175,111.74
U0176,S018,Premium,Noida,Comedy,Movie,7,5,124,107.87
U0426,S018,Standard,Chennai,Comedy,Movie,4,6,29,111.35
U0096,S018,Premium,Chennai,Comedy,Movie,9,4,103,107.46
U0363,S018,Standard,Hyderabad,Comedy,Movie,4,3,74,90.34
U0298,S018,Basic,Noida,Comedy,Movie,5,5,63,106.99
U0367,S018,Basic,Chennai,Comedy,Movie,7,1,149,96.57
U0148,S018,Basic,Pune,Comedy,Movie,4,0,47,103.09
U0379,S018,Basic,Delhi,Comedy,Movie,3,2,122,115.75666666666667
U0473,S018,Free,Pune,Comedy,Movie,8,2,21,82.87
U0025,S018,Free,Hyderabad,Comedy,Movie,4,2,150,131.54
U0367,S018,Basic,Chennai,Comedy,Movie,8,6,75,88.98
U0058,S018,Premium,Pune,Comedy,Movie,9,2,50,62.64
U0019,S018,Free,Mumbai,Comedy,Movie,4,5,125,97.37
U0287,S018,Basic,Chennai,Comedy,Movie,8,0,29,41.77
U0408,S018,Basic,Chennai,Comedy,Movie,8,3,143,127.33
U0338,S018,Premium,Pune,Comedy,Movie,9,2,88,82.45
U0271,S018,Basic,Pune,Comedy,Movie,8,0,45,116.8
U0097,S018,Basic,Noida,Comedy,Movie,7,4,80,86.1
U0125,S018,Premium,Hyderabad,Comedy,Movie,8,2,36,57.66
U0087,S018,Free,Kolkata,Comedy,Movie,3,5,115,103.43
U0248,S018,Free,Noida,Comedy,Movie,5,1,115,114.39
U0287,S018,Basic,Chennai,Comedy,Movie,6,4,52,55.95
U0149,S018,Free,Hyderabad,Comedy,Movie,4,3,166,107.55
U0401,S018,Free,Kolkata,Comedy,Movie,9,0,51,120.71
U0045,S018,Basic,Bangalore,Comedy,Movie,5,6,26,58.5
U0443,S018,Free,Pune,Comedy,Movie,6,1,66,78.79
U0246,S018,Basic,Noida,Comedy,Movie,7,3,119,111.14
U0156,S018,Free,Mumbai,Comedy,Movie,7,1,86,87.24
U0351,S018,Free,Bangalore,Comedy,Movie,7,6,89,94.22
U0342,S018,Standard,Chennai,Comedy,Movie,4,6,133,129.15
U0045,S018,Basic,Bangalore,Comedy,Movie,5,0,71,90.09
U0277,S018,Basic,Hyderabad,Comedy,Movie,8,1,66,75.56
U0423,S018,Basic,Hyderabad,Comedy,Movie,5,1,126,107.56
U0342,S018,Standard,Chennai,Comedy,Movie,6,5,121,122.36
U0359,S018,Premium,Hyderabad,Comedy,Movie,6,2,83,81.54
U0278,S018,Basic,Bangalore,Comedy,Movie,8,4,142,136.49
U0487,S018,Free,Noida,Comedy,Movie,5,2,175,85.72
U0386,S018,Standard,Kolkata,Comedy,Movie,8,5,135,121.46
U0010,S018,Free,Delhi,Comedy,Movie,3,1,85,101.23
U0031,S018,Free,Pune,Comedy,Movie,6,1,102,94.29
U0075,S018,Free,Kolkata,Comedy,Movie,4,4,112,93.76
U0229,S018,Basic,Mumbai,Comedy,Movie,5,6,153,138.73
U0381,S018,Free,Delhi,Comedy,Movie,4,1,162,145.12
U0030,S018,Free,Chennai,Comedy,Movie,4,4,38,65.89
U0130,S018,Free,Chennai,Comedy,Movie,8,1,86,79.58
U0046,S018,Standard,Kolkata,Comedy,Movie,4,3,175,144.9
U0323,S018,Premium,Delhi,Comedy,Movie,5,3,112,114.19
U0029,S018,Free,Chennai,Comedy,Movie,3,5,21,51.26
U0346,S018,Basic,Hyderabad,Comedy,Movie,7,6,146,98.88
U0488,S018,Free,Kolkata,Comedy,Movie,5,3,137,124.15
U0116,S018,Basic,Pune,Comedy,Movie,4,5,119,116.39
U0229,S018,Basic,Mumbai,Comedy,Movie,5,3,59,79.5
U0492,S018,Free,Delhi,Comedy,Movie,6,0,160,131.57
U0283,S018,Basic,Mumbai,Comedy,Movie,7,0,97,111.62
U0321,S018,Free,Kolkata,Comedy,Movie,5,6,53,71.58
U0490,S018,Basic,Bangalore,Comedy,Movie,8,3,117,112.2
U0115,S018,Basic,Noida,Comedy,Movie,4,0,50,70.57
U0084,S018,Free,Bangalore,Comedy,Movie,4,1,34,58.67
U0119,S018,Free,Hyderabad,Comedy,Movie,8,1,95,90.93
U0453,S018,Premium,Mumbai,Comedy,Movie,5,6,153,131.85
U0249,S019,Free,Hyderabad,Romance,Series,8,5,40,123.89
U0262,S019,Standard,Bangalore,Romance,Series,4,0,140,125.94
U0214,S019,Premium,Bangalore,Romance,Series,7,2,97,86.16
U0202,S019,Standard,Hyderabad,Romance,Series,6,3,44,65.98
U0243,S019,Premium,Bangalore,Romance,Series,7,1,134,90.96
U0001,S019,Premium,Hyderabad,Romance,Series,7,1,40,56.89
U0405,S019,Free,Delhi,Romance,Series,8,5,69,89.29
U0203,S019,Premium,Pune,Romance,Series,5,4,24,54.55
U0470,S019,Basic,Mumbai,Romance,Series,9,3,43,56.47
U0146,S019,Free,Delhi,Romance,Series,8,5,173,147.48
U0348,S019,Basic,Delhi,Romance,Series,7,6,113,103.05
U0312,S019,Basic,Noida,Romance,Series,5,3,110,111.01
U0366,S019,Standard,Pune,Romance,Series,8,1,159,137.56
U0365,S019,Free,Hyderabad,Romance,Series,9,0,156,118.77
U0410,S019,Free,Pune,Romance,Series,5,3,78,94.28
U0368,S019,Premium,Delhi,Romance,Series,8,3,134,110.82
U0246,S019,Basic,Noida,Romance,Series,6,2,41,64.73
U0041,S019,Basic,Delhi,Romance,Series,6,6,91,81.27
U0110,S019,Standard,Noida,Romance,Series,8,2,140,113.47
U0426,S019,Standard,Chennai,Romance,Series,7,1,37,63.86
U0157,S019,Premium,Mumbai,Romance,Series,8,5,141,82.54
U0136,S019,Standard,Mumbai,Romance,Series,4,2,133,114.86
U0277,S019,Basic,Hyderabad,Romance,Series,7,2,68,71.19
U0494,S019,Basic,Noida,Romance,Series,9,1,148,126.26
U0378,S019,Standard,Hyderabad,Romance,Series,6,4,152,123.46
U0148,S019,Basic,Pune,Romance,Series,6,3,166,139.42
U0324,S019,Standard,Delhi,Romance,Series,7,2,138,111.21
U0250,S019,Premium,Hyderabad,Romance,Series,6,0,174,137.35
U0092,S019,Premium,Kolkata,Romance,Series,4,6,13,35.46
U0328,S019,Free,Hyderabad,Romance,Series,7,1,72,78.82
U0163,S019,Standard,Pune,Romance,Series,3,6,123,91.32
U0021,S019,Basic,Hyderabad,Romance,Series,8,5,62,120.01
U0141,S019,Free,Bangalore,Romance,Series,4,5,121,115.61
U0340,S019,Premium,Bangalore,Romance,Series,4,5,149,125.12
U0274,S019,Standard,Kolkata,Romance,Series,4,3,64,79.03
U0034,S019,Standard,Pune,Romance,Series,9,0,138,135.58
U0312,S019,Basic,Noida,Romance,Series,8,0,158,136.5
U0371,S019,Free,Pune,Romance,Series,6,5,118,115.99
U0384,S019,Premium,Pune,Romance,Series,4,5,95,106.81
U0038,S019,Standard,Noida,Romance,Series,6,4,173,96.52
U0369,S019,Standard,Mumbai,Romance,Series,9,3,52,84.14
U0083,S019,Standard,Noida,Romance,Series,4,2,81,89.62
U0215,S019,Free,Bangalore,Romance,Series,8,1,137,86.08
U0108,S019,Free,Hyderabad,Romance,Series,6,3,93,96.33
U0150,S019,Free,Kolkata,Romance,Series,7,2,57,68.95
U0339,S019,Free,Chennai,Romance,Series,8,6,178,150.65
U0485,S019,Basic,Chennai,Romance,Series,8,4,53,69.04
U0029,S019,Free,Chennai,Romance,Series,7,4,180,78.68
U0048,S019,Basic,Chennai,Romance,Series,6,0,96,100.03
U0413,S019,Premium,Mumbai,Romance,Series,7,2,20,54.79
U0424,S019,Premium,Kolkata,Romance,Series,6,2,125,114.7
U0190,S019,Free,Bangalore,Romance,Series,5,4,148,128.78
U0149,S019,Free,Hyderabad,Romance,Series,5,6,72,80.68
U0104,S019,Standard,Delhi,Romance,Series,5,5,112,114.51
U0006,S019,Premium,Pune,Romance,Series,6,1,37,62.44
U0293,S019,Free,Bangalore,Romance,Series,5,6,77,83.15
U0010,S019,Free,Delhi,Romance,Series,7,4,76,79.76
U0399,S019,Basic,Hyderabad,Romance,Series,7,3,72,77.17
U0364,S019,Standard,Bangalore,Romance,Series,5,6,112,99.22
U0297,S019,Free,Hyderabad,Romance,Series,7,3,142,125.23
U0189,S019,Free,Mumbai,Romance,Series,6,2,104,64.87
U0321,S019,Free,Kolkata,Romance,Series,9,1,133,111.11
U0104,S019,Standard,Delhi,Romance,Series,6,1,149,141.55
U0260,S019,Free,Kolkata,Romance,Series,6,2,28,44.58
U0043,S019,Free,Chennai,Romance,Series,5,0,51,59.41
U0427,S019,Premium,Noida,Romance,Series,4,3,143,135.29
U0086,S019,Free,Hyderabad,Romance,Series,9,5,110,124.08
U0407,S019,Premium,Kolkata,Romance,Series,7,3,34,56.92
U0444,S019,Free,Hyderabad,Romance,Series,7,4,135,106.2
U0500,S019,Basic,Delhi,Romance,Series,7,4,51,68.28
U0328,S019,Free,Hyderabad,Romance,Series,4,2,29,54.48
U0298,S019,Basic,Noida,Romance,Series,8,5,137,131.59
U0413,S019,Premium,Mumbai,Romance,Series,4,1,178,146.18
U0375,S019,Basic,Noida,Romance,Series,6,5,66,79.8
U0321,S019,Free,Kolkata,Romance,Series,7,1,138,114.16
U0198,S019,Premium,Kolkata,Romance,Series,8,5,155,135.63
U0074,S019,Basic,Mumbai,Romance,Series,8,4,179,80.75
U0291,S019,Premium,Pune,Romance,Series,4,6,123,81.21
U0042,S019,Free,Delhi,Romance,Series,8,1,103,98.41
U0256,S019,Basic,Delhi,Romance,Series,6,5,83,98.29
U0221,S019,Premium,Chennai,Romance,Series,7,0,60,82.03
U0333,S019,Free,Pune,Romance,Series,7,6,167,145.09
U0093,S019,Standard,Kolkata,Romance,Series,9,3,137,86.83
U0275,S019,Standard,Chennai,Romance,Series,6,4,144,120.13
U0314,S019,Standard,Mumbai,Romance,Series,3,4,135,123.94
U0478,S019,Free,Pune,Romance,Series,4,0,73,105.19
U0351,S019,Free,Bangalore,Romance,Series,9,5,146,134.87
U0029,S019,Free,Chennai,Romance,Series,4,1,58,73.09
U0314,S019,Standard,Mumbai,Romance,Series,7,5,74,78.39
U0325,S019,Basic,Delhi,Romance,Series,4,4,31,62.98
U0025,S019,Free,Hyderabad,Romance,Series,9,6,150,141.34
U0190,S019,Free,Bangalore,Romance,Series,9,5,137,133.01
U0289,S019,Premium,Mumbai,Romance,Series,8,2,106,92.81
U0064,S019,Premium,Pune,Romance,Series,7,4,11,43.38
U0166,S019,Standard,Bangalore,Romance,Series,4,3,35,46.54
U0086,S019,Free,Hyderabad,Romance,Series,4,3,167,141.97
U0090,S019,Free,Noida,Romance,Series,6,4,84,86.86
U0015,S019,Free,Delhi,Romance,Series,6,6,57,75.76
U0121,S019,Premium,Chennai,Romance,Series,8,4,172,109.45
U0281,S019,Free,Bangalore,Romance,Series,5,5,48,67.73
U0345,S019,Free,Pune,Romance,Series,5,4,108,95.5
U0208,S019,Basic,Noida,Romance,Series,5,4,129,120.23
U0359,S020,Premium,Hyderabad,Documentary,Series,4,4,142,112.65
U0099,S020,Premium,Noida,Documentary,Series,9,6,131,121.77
U0196,S020,Basic,Bangalore,Documentary,Series,5,2,105,77.16
U0490,S020,Basic,Bangalore,Documentary,Series,5,3,52,68.01
U0323,S020,Premium,Delhi,Documentary,Series,5,6,160,140.21
U0380,S020,Standard,Bangalore,Documentary,Series,8,4,61,79.81
U0485,S020,Basic,Chennai,Documentary,Series,6,5,71,85.36
U0278,S020,Basic,Bangalore,Documentary,Series,6,0,167,140.31
U0319,S020,Free,Bangalore,Documentary,Series,7,3,122,111.58
U0031,S020,Free,Pune,Documentary,Series,4,5,161,149.53
U0214,S020,Premium,Bangalore,Documentary,Series,8,2,101,91.21
U0042,S020,Free,Delhi,Documentary,Series,5,3,15,50.53
U0167,S020,Free,Pune,Documentary,Series,5,2,32,60.43
U0431,S020,Basic,Bangalore,Documentary,Series,5,5,151,82.58
U0026,S020,Standard,Mumbai,Documentary,Series,5,4,102,92.44
U0043,S020,Free,Chennai,Documentary,Series,9,5,133,115.63
U0052,S020,Basic,Pune,Documentary,Series,6,4,169,148.06
U0366,S020,Standard,Pune,Documentary,Series,6,0,62,86.59
U0096,S020,Premium,Chennai,Documentary,Series,9,2,84,105.14
U0084,S020,Free,Bangalore,Documentary,Series,9,4,114,118.5
U0468,S020,Free,Mumbai,Documentary,Series,4,5,126,128.32
U0349,S020,Basic,Chennai,Documentary,Series,5,4,100,97.48
U0365,S020,Free,Hyderabad,Documentary,Series,7,4,125,124.52
U0317,S020,Basic,Bangalore,Documentary,Series,5,5,12,49.75
U0340,S020,Premium,Bangalore,Documentary,Series,8,4,12,39.2
U0141,S020,Free,Bangalore,Documentary,Series,5,5,144,134.55
U0474,S020,Premium,Bangalore,Documentary,Series,7,4,178,151.35
U0111,S020,Basic,Noida,Documentary,Series,4,0,56,111.74
U0303,S020,Basic,Pune,Documentary,Series,8,4,92,97.92
U0378,S020,Standard,Hyderabad,Documentary,Series,8,5,97,105.8
U0335,S020,Free,Chennai,Documentary,Series,5,2,132,116.63
U0357,S020,Basic,Chennai,Documentary,Series,5,0,170,142.21
U0170,S020,Free,Noida,Documentary,Series,5,6,175,150.34
U0118,S020,Standard,Hyderabad,Documentary,Series,7,3,175,144.74
U0209,S020,Free,Hyderabad,Documentary,Series,5,3,125,106.18
U0179,S020,Basic,Hyderabad,Documentary,Series,5,6,46,62.89
U0251,S020,Basic,Kolkata,Documentary,Series,4,1,59,80.85
U0416,S020,Basic,Bangalore,Documentary,Series,7,2,24,81.97
U0485,S020,Basic,Chennai,Documentary,Series,7,0,140,126.75
U0313,S020,Free,Hyderabad,Documentary,Series,5,1,146,103.82
U0282,S020,Free,Noida,Documentary,Series,9,4,113,104.72
U0434,S020,Free,Hyderabad,Documentary,Series,4,1,149,134.41
U0433,S020,Basic,Chennai,Documentary,Series,6,3,125,115.66
U0247,S020,Free,Mumbai,Documentary,Series,4,2,98,101.39
U0474,S020,Premium,Bangalore,Documentary,Series,7,6,143,138.61
U0047,S020,Basic,Pune,Documentary,Series,4,3,39,67.86
U0355,S020,Standard,Kolkata,Documentary,Series,5,6,57,83.83
U0493,S020,Basic,Delhi,Documentary,Series,4,6,133,88.69
U0311,S020,Free,Hyderabad,Documentary,Series,5,3,38,67.28
U0180,S020,Basic,Hyderabad,Documentary,Series,4,0,120,127.23
U0185,S020,Free,Pune,Documentary,Series,4,2,116,113.46
U0204,S020,Free,Hyderabad,Documentary,Series,9,3,118,114.27
U0476,S020,Standard,Pune,Documentary,Series,8,0,120,124.11
U0430,S020,Free,Bangalore,Documentary,Series,7,1,122,116.03
U0443,S020,Free,Pune,Documentary,Series,8,4,127,127.35
U0232,S020,Basic,Bangalore,Documentary,Series,7,0,77,94.08
U0024,S020,Basic,Chennai,Documentary,Series,8,5,160,144.75
U0069,S020,Standard,Noida,Documentary,Series,7,1,25,60.08
U0496,S020,Standard,Hyderabad,Documentary,Series,5,4,110,93.045
U0346,S020,Basic,Hyderabad,Documentary,Series,6,4,35,60.43
U0200,S020,Standard,Kolkata,Documentary,Series,5,3,109,106.995
U0400,S020,Premium,Pune,Documentary,Series,3,6,89,117.8
U0262,S020,Standard,Bangalore,Documentary,Series,8,2,164,143.91
U0469,S020,Premium,Chennai,Documentary,Series,7,0,121,114.94
U0479,S020,Free,Chennai,Documentary,Series,9,2,49,132.76
U0468,S020,Free,Mumbai,Documentary,Series,5,3,118,113.29
U0315,S020,Free,Bangalore,Documentary,Series,7,4,82,96.59
U0076,S020,Free,Delhi,Documentary,Series,8,1,74,83.38
U0167,S020,Free,Pune,Documentary,Series,4,4,162,136.64
U0362,S020,Standard,Delhi,Documentary,Series,6,1,171,143.86
U0297,S020,Free,Hyderabad,Documentary,Series,4,0,162,146.32
U0049,S020,Basic,Kolkata,Documentary,Series,7,4,42,66.77
U0029,S020,Free,Chennai,Documentary,Series,6,2,20,47.69
U0486,S020,Premium,Noida,Documentary,Series,7,2,60,71.22
U0292,S020,Free,Mumbai,Documentary,Series,4,2,118,112.64
U0293,S020,Free,Bangalore,Documentary,Series,6,5,112,114.43
U0117,S020,Basic,Kolkata,Documentary,Series,4,3,114,112.32
U0115,S020,Basic,Noida,Documentary,Series,8,2,34,57.9
U0079,S020,Standard,Kolkata,Documentary,Series,9,4,139,105.83
U0329,S020,Free,Pune,Documentary,Series,9,2,142,110.04
U0349,S020,Basic,Chennai,Documentary,Series,6,5,70,90.55
U0038,S020,Standard,Noida,Documentary,Series,3,4,34,67.83
U0498,S020,Free,Pune,Documentary,Series,3,1,85,99.86
U0093,S020,Standard,Kolkata,Documentary,Series,3,0,167,141.11
U0034,S020,Standard,Pune,Documentary,Series,6,4,162,148.67
U0328,S020,Free,Hyderabad,Documentary,Series,6,2,115,107.36
U0130,S020,Free,Chennai,Documentary,Series,5,0,24,59.61
U0235,S020,Premium,Pune,Documentary,Series,9,3,42,67.98
U0333,S020,Free,Pune,Documentary,Series,3,4,168,143.92
U0196,S020,Basic,Bangalore,Documentary,Series,8,3,89,89.19
U0310,S021,Standard,Noida,Drama,Series,6,0,119,115.08
U0477,S021,Premium,Mumbai,Drama,Series,4,5,56,69.76
U0093,S021,Standard,Kolkata,Drama,Series,7,3,17,49.1
U0350,S021,Basic,Kolkata,Drama,Series,5,4,168,137.83666666666667
U0040,S021,Free,Mumbai,Drama,Series,6,1,152,119.45
U0073,S021,Free,Noida,Drama,Series,3,1,86,93.79
U0003,S021,Free,Mumbai,Drama,Series,4,4,35,41.24
U0303,S021,Basic,Pune,Drama,Series,7,4,133,115.16
U0324,S021,Standard,Delhi,Drama,Series,4,0,150,125.21
U0160,S021,Free,Kolkata,Drama,Series,9,3,17,64.14
U0161,S021,Standard,Chennai,Drama,Series,4,4,25,44.99416666666666
U0361,S021,Free,Mumbai,Drama,Series,8,3,11,39.92
U0191,S021,Standard,Mumbai,Drama,Series,5,1,61,72.91
U0468,S021,Free,Mumbai,Drama,Series,4,0,41,57.45
U0376,S021,Premium,Chennai,Drama,Series,7,0,131,117.76
U0029,S021,Free,Chennai,Drama,Series,7,2,36,43.35
U0441,S021,Standard,Kolkata,Drama,Series,8,1,170,130.58
U0232,S021,Basic,Bangalore,Drama,Series,5,3,88,83.53666666666668
U0485,S021,Basic,Chennai,Drama,Series,6,0,81,87.16
U0203,S021,Premium,Pune,Drama,Series,9,5,87,87.63
U0341,S021,Free,Chennai,Drama,Series,6,1,71,74.74
U0284,S021,Basic,Kolkata,Drama,Series,8,4,116,114.36
U0487,S021,Free,Noida,Drama,Series,9,3,17,39.09
U0246,S021,Basic,Noida,Drama,Series,7,2,148,121.17
U0213,S021,Basic,Chennai,Drama,Series,7,1,22,52.77
U0480,S021,Standard,Chennai,Drama,Series,6,1,162,137.11
U0133,S021,Standard,Mumbai,Drama,Series,9,1,141,79.31
U0339,S021,Free,Chennai,Drama,Series,5,1,36,52.94
U0414,S021,Free,Kolkata,Drama,Series,5,3,43,55.98
U0187,S021,Standard,Mumbai,Drama,Series,7,4,11,46.86
U0433,S021,Basic,Chennai,Drama,Series,8,2,73,75.17
U0139,S021,Basic,Hyderabad,Drama,Series,8,3,39,59.9
U0487,S021,Free,Noida,Drama,Series,8,4,141,63.67
U0381,S021,Free,Delhi,Drama,Series,7,1,105,82.2
U0304,S021,Free,Chennai,Drama,Series,7,5,44,64.15
U0051,S021,Basic,Noida,Drama,Series,9,4,21,40.58
U0254,S021,Standard,Bangalore,Drama,Series,6,6,93,96.16
U0479,S021,Free,Chennai,Drama,Series,8,0,137,104.02
U0221,S021,Premium,Chennai,Drama,Series,8,0,94,121.52
U0378,S021,Standard,Hyderabad,Drama,Series,9,5,93,107.0
U0025,S021,Free,Hyderabad,Drama,Series,7,4,130,121.62
U0018,S021,Standard,Chennai,Drama,Series,7,3,113,101.36
U0237,S021,Premium,Kolkata,Drama,Series,6,3,64,64.44
U0483,S021,Free,Bangalore,Drama,Series,4,1,99,90.94
U0292,S021,Free,Mumbai,Drama,Series,5,6,17,34.9
U0423,S021,Basic,Hyderabad,Drama,Series,6,5,168,141.51
U0476,S021,Standard,Pune,Drama,Series,6,1,115,99.4
U0280,S021,Basic,Pune,Drama,Series,6,4,147,132.89
U0058,S021,Premium,Pune,Drama,Series,6,6,120,104.02
U0185,S021,Free,Pune,Drama,Series,9,5,64,69.28
U0179,S021,Basic,Hyderabad,Drama,Series,6,6,54,71.42
U0137,S021,Premium,Noida,Drama,Series,4,3,118,109.5
U0313,S021,Free,Hyderabad,Drama,Series,3,4,99,101.17
U0478,S021,Free,Pune,Drama,Series,5,6,20,79.12
U0176,S021,Premium,Noida,Drama,Series,4,0,63,80.98
U0298,S021,Basic,Noida,Drama,Series,9,3,170,121.02
U0340,S021,Premium,Bangalore,Drama,Series,6,6,31,61.03
U0132,S021,Basic,Kolkata,Drama,Series,6,5,176,152.72
U0308,S021,Premium,Bangalore,Drama,Series,4,5,174,141.21
U0219,S021,Standard,Delhi,Drama,Series,8,5,25,42.64
U0228,S021,Basic,Chennai,Drama,Series,4,5,135,120.99
U0480,S021,Standard,Chennai,Drama,Series,7,3,140,127.55
U0124,S021,Premium,Chennai,Drama,Series,6,6,19,45.65
U0200,S021,Standard,Kolkata,Drama,Series,6,6,79,85.14
U0221,S021,Premium,Chennai,Drama,Series,8,2,177,139.66
U0061,S021,Premium,Kolkata,Drama,Series,9,0,155,129.57
U0246,S021,Basic,Noida,Drama,Series,9,1,93,95.55
U0179,S021,Basic,Hyderabad,Drama,Series,6,4,145,123.08
U0030,S021,Free,Chennai,Drama,Series,7,3,58,66.24
U0426,S021,Standard,Chennai,Drama,Series,4,4,49,58.33666666666666
U0354,S021,Standard,Noida,Drama,Series,8,3,121,102.69
U0327,S021,Standard,Kolkata,Drama,Series,8,2,147,123.12
U0374,S021,Basic,Mumbai,Drama,Series,4,1,46,57.94
U0047,S021,Basic,Pune,Drama,Series,6,0,47,61.8
U0481,S021,Basic,Pune,Drama,Series,6,2,48,110.48
U0235,S021,Premium,Pune,Drama,Series,6,0,75,82.41
U0486,S021,Premium,Noida,Drama,Series,6,1,124,115.55
U0447,S021,Free,Noida,Drama,Series,4,6,29,94.29
U0326,S021,Basic,Hyderabad,Drama,Series,8,1,75,75.15
U0498,S021,Free,Pune,Drama,Series,6,0,173,141.09
U0180,S021,Basic,Hyderabad,Drama,Series,5,2,178,153.67
U0090,S021,Free,Noida,Drama,Series,7,4,26,55.12
U0278,S021,Basic,Bangalore,Drama,Series,4,6,123,115.69
U0242,S021,Basic,Delhi,Drama,Series,3,5,39,67.89238095238096
U0321,S021,Free,Kolkata,Drama,Series,6,1,76,79.09
U0380,S021,Standard,Bangalore,Drama,Series,4,6,168,141.67
U0151,S021,Basic,Noida,Drama,Series,6,4,23,47.42
U0153,S021,Premium,Noida,Drama,Series,6,2,154,136.26
U0275,S021,Standard,Chennai,Drama,Series,8,4,112,101.81
U0092,S021,Premium,Kolkata,Drama,Series,7,4,70,84.0
U0086,S021,Free,Hyderabad,Drama,Series,5,5,125,120.42
U0101,S021,Free,Hyderabad,Drama,Series,5,3,155,87.72
U0237,S021,Premium,Kolkata,Drama,Series,7,5,141,115.39
U0186,S021,Free,Chennai,Drama,Series,9,2,19,41.7
U0039,S021,Free,Bangalore,Drama,Series,6,2,65,69.96
U0349,S022,Basic,Chennai,Drama,Series,4,0,162,134.31
U0261,S022,Free,Mumbai,Drama,Series,5,2,56,55.88
U0214,S022,Premium,Bangalore,Drama,Series,8,4,126,82.99
U0154,S022,Free,Mumbai,Drama,Series,7,0,112,91.92
U0314,S022,Standard,Mumbai,Drama,Series,8,2,163,119.02
U0195,S022,Standard,Noida,Drama,Series,8,3,23,54.14
U0064,S022,Premium,Pune,Drama,Series,8,0,37,94.39
U0495,S022,Standard,Bangalore,Drama,Series,6,3,43,63.21
U0263,S022,Basic,Delhi,Drama,Series,6,5,138,109.65
U0375,S022,Basic,Noida,Drama,Series,8,0,127,93.14
U0277,S022,Basic,Hyderabad,Drama,Series,6,0,146,105.48
U0042,S022,Free,Delhi,Drama,Series,4,2,134,107.63
U0067,S022,Free,Mumbai,Drama,Series,6,3,53,70.38
U0336,S022,Premium,Noida,Drama,Series,8,1,134,112.08
U0314,S022,Standard,Mumbai,Drama,Series,9,3,21,53.56
U0414,S022,Free,Kolkata,Drama,Series,8,5,144,122.84
U0400,S022,Premium,Pune,Drama,Series,5,1,115,114.37
U0423,S022,Basic,Hyderabad,Drama,Series,5,5,26,70.54
U0167,S022,Free,Pune,Drama,Series,6,4,85,86.29
U0176,S022,Premium,Noida,Drama,Series,6,4,26,55.81
U0313,S022,Free,Hyderabad,Drama,Series,6,5,109,109.39
U0104,S022,Standard,Delhi,Drama,Series,9,2,161,141.17
U0349,S022,Basic,Chennai,Drama,Series,4,1,180,148.59
U0323,S022,Premium,Delhi,Drama,Series,6,6,147,129.5
U0101,S022,Free,Hyderabad,Drama,Series,7,5,57,109.6
U0459,S022,Premium,Bangalore,Drama,Series,6,6,109,88.28
U0258,S022,Free,Pune,Drama,Series,9,6,90,86.04
U0268,S022,Premium,Pune,Drama,Series,9,1,125,107.75
U0358,S022,Premium,Kolkata,Drama,Series,4,2,163,138.88
U0093,S022,Standard,Kolkata,Drama,Series,8,1,53,79.67
U0213,S022,Basic,Chennai,Drama,Series,7,1,158,121.94
U0166,S022,Standard,Bangalore,Drama,Series,7,4,163,116.86
U0283,S022,Basic,Mumbai,Drama,Series,7,3,172,151.32
U0353,S022,Premium,Mumbai,Drama,Series,9,3,46,61.26
U0363,S022,Standard,Hyderabad,Drama,Series,4,6,97,95.07
U0425,S022,Basic,Kolkata,Drama,Series,7,2,14,51.49
U0313,S022,Free,Hyderabad,Drama,Series,7,2,38,108.85
U0150,S022,Free,Kolkata,Drama,Series,5,4,42,69.18666666666667
U0147,S022,Free,Kolkata,Drama,Series,7,2,152,121.89
U0391,S022,Basic,Hyderabad,Drama,Series,7,2,83,95.74
U0165,S022,Free,Bangalore,Drama,Series,4,2,79,73.35
U0499,S022,Free,Delhi,Drama,Series,8,3,167,147.13
U0489,S022,Free,Hyderabad,Drama,Series,4,2,159,142.34
U0292,S022,Free,Mumbai,Drama,Series,7,1,35,55.03
U0282,S022,Free,Noida,Drama,Series,7,1,13,39.92
U0270,S022,Free,Delhi,Drama,Series,7,4,141,111.28
U0487,S022,Free,Noida,Drama,Series,7,4,141,110.85
U0390,S022,Basic,Bangalore,Drama,Series,6,5,111,109.21
U0129,S022,Standard,Chennai,Drama,Series,7,4,98,102.14333333333332
U0017,S022,Premium,Mumbai,Drama,Series,5,2,99,79.32
U0259,S022,Standard,Chennai,Drama,Series,9,6,145,125.82
U0416,S022,Basic,Bangalore,Drama,Series,4,4,44,60.5075
U0405,S022,Free,Delhi,Drama,Series,6,6,144,130.57
U0284,S022,Basic,Kolkata,Drama,Series,4,6,102,93.27
U0453,S022,Premium,Mumbai,Drama,Series,7,4,109,98.04
U0165,S022,Free,Bangalore,Drama,Series,8,0,77,80.3
U0369,S022,Standard,Mumbai,Drama,Series,6,4,58,75.67
U0421,S022,Standard,Mumbai,Drama,Series,9,5,31,79.01
U0110,S022,Standard,Noida,Drama,Series,5,3,41,62.56
U0495,S022,Standard,Bangalore,Drama,Series,6,5,97,101.26
U0118,S022,Standard,Hyderabad,Drama,Series,7,2,125,112.62
U0348,S022,Basic,Delhi,Drama,Series,4,0,32,59.0
U0181,S022,Basic,Bangalore,Drama,Series,5,0,175,139.24
U0427,S022,Premium,Noida,Drama,Series,4,6,13,42.81
U0158,S022,Standard,Kolkata,Drama,Series,8,0,75,112.65
U0172,S022,Basic,Chennai,Drama,Series,8,2,27,56.18
U0148,S022,Basic,Pune,Drama,Series,6,0,91,91.71
U0440,S022,Free,Delhi,Drama,Series,8,1,28,59.64
U0016,S022,Free,Kolkata,Drama,Series,6,5,82,104.07
U0111,S022,Basic,Noida,Drama,Series,7,5,81,93.31
U0112,S022,Free,Bangalore,Drama,Series,5,2,68,65.91
U0387,S022,Free,Hyderabad,Drama,Series,7,3,113,89.31
U0347,S022,Free,Hyderabad,Drama,Series,6,0,139,126.7
U0320,S022,Free,Kolkata,Drama,Series,5,3,31,58.38
U0477,S022,Premium,Mumbai,Drama,Series,9,4,135,109.84
U0440,S022,Free,Delhi,Drama,Series,4,0,65,71.7
U0129,S022,Standard,Chennai,Drama,Series,5,2,67,98.47
U0373,S022,Premium,Delhi,Drama,Series,9,5,16,105.78
U0240,S022,Basic,Delhi,Drama,Series,5,2,95,99.84
U0251,S022,Basic,Kolkata,Drama,Series,7,5,74,108.37
U0485,S022,Basic,Chennai,Drama,Series,9,5,11,79.41
U0325,S022,Basic,Delhi,Drama,Series,4,0,37,51.9
U0407,S022,Premium,Kolkata,Drama,Series,4,3,141,118.91
U0214,S022,Premium,Bangalore,Drama,Series,8,6,83,80.0
U0474,S022,Premium,Bangalore,Drama,Series,9,3,120,110.33
U0164,S022,Basic,Pune,Drama,Series,8,6,94,92.36
U0285,S022,Free,Mumbai,Drama,Series,7,1,89,83.05
U0402,S022,Basic,Kolkata,Drama,Series,7,3,75,81.5
U0133,S022,Standard,Mumbai,Drama,Series,9,4,22,58.16
U0398,S022,Premium,Noida,Drama,Series,7,3,60,129.62
U0099,S022,Premium,Noida,Drama,Series,5,4,109,104.45
U0496,S022,Standard,Hyderabad,Drama,Series,6,5,152,91.41
U0325,S022,Basic,Delhi,Drama,Series,7,6,178,137.56
U0189,S022,Free,Mumbai,Drama,Series,4,2,26,44.87
U0109,S022,Standard,Noida,Drama,Series,4,2,100,102.575
U0398,S022,Premium,Noida,Drama,Series,7,3,146,129.62
U0395,S022,Premium,Mumbai,Drama,Series,5,3,172,140.27
U0286,S022,Standard,Delhi,Drama,Series,9,4,12,47.52
U0204,S022,Free,Hyderabad,Drama,Series,9,6,15,43.55
U0136,S022,Standard,Mumbai,Drama,Series,7,5,174,89.06
U0308,S022,Premium,Bangalore,Drama,Series,6,2,18,49.04
U0446,S022,Premium,Noida,Drama,Series,5,2,173,151.28
U0135,S022,Free,Kolkata,Drama,Series,9,6,84,89.76
U0363,S022,Standard,Hyderabad,Drama,Series,5,6,142,89.07
U0271,S023,Basic,Pune,Thriller,Series,4,2,38,65.75
U0147,S023,Free,Kolkata,Thriller,Series,7,3,109,110.39
U0309,S023,Free,Delhi,Thriller,Series,5,0,41,60.01
U0301,S023,Free,Mumbai,Thriller,Series,4,5,56,75.56
U0178,S023,Basic,Noida,Thriller,Series,3,0,47,69.15
U0340,S023,Premium,Bangalore,Thriller,Series,5,2,137,115.82
U0129,S023,Standard,Chennai,Thriller,Series,7,2,17,43.91
U0193,S023,Standard,Delhi,Thriller,Series,4,3,128,118.04
U0354,S023,Standard,Noida,Thriller,Series,9,3,39,67.31
U0121,S023,Premium,Chennai,Thriller,Series,6,0,153,129.9
U0060,S023,Basic,Chennai,Thriller,Series,5,5,40,59.52
U0256,S023,Basic,Delhi,Thriller,Series,5,5,126,121.18
U0019,S023,Free,Mumbai,Thriller,Series,7,3,166,131.81
U0243,S023,Premium,Bangalore,Thriller,Series,8,2,79,78.13
U0273,S023,Free,Mumbai,Thriller,Series,6,4,80,81.2
U0186,S023,Free,Chennai,Thriller,Series,8,6,141,104.72
U0163,S023,Standard,Pune,Thriller,Series,5,2,23,48.95
U0086,S023,Free,Hyderabad,Thriller,Series,8,6,42,81.59
U0302,S023,Free,Chennai,Thriller,Series,3,6,25,55.79
U0102,S023,Premium,Hyderabad,Thriller,Series,4,1,159,139.27
U0127,S023,Free,Delhi,Thriller,Series,6,2,25,50.6
U0347,S023,Free,Hyderabad,Thriller,Series,6,0,114,114.74
U0423,S023,Basic,Hyderabad,Thriller,Series,6,2,50,85.88
U0429,S023,Basic,Pune,Thriller,Series,4,5,82,94.46
U0063,S023,Basic,Bangalore,Thriller,Series,5,2,113,91.71
U0382,S023,Standard,Bangalore,Thriller,Series,4,5,36,63.74
U0109,S023,Standard,Noida,Thriller,Series,6,1,171,145.84
U0340,S023,Premium,Bangalore,Thriller,Series,3,6,165,130.3
U0033,S023,Basic,Hyderabad,Thriller,Series,7,4,16,102.44
U0225,S023,Free,Hyderabad,Thriller,Series,7,3,54,82.9
U0124,S023,Premium,Chennai,Thriller,Series,4,0,13,43.52
U0059,S023,Free,Hyderabad,Thriller,Series,5,1,40,61.4
U0079,S023,Standard,Kolkata,Thriller,Series,7,4,23,42.95
U0427,S023,Premium,Noida,Thriller,Series,6,4,48,72.37
U0304,S023,Free,Chennai,Thriller,Series,7,1,147,80.02
U0234,S023,Premium,Delhi,Thriller,Series,6,4,162,140.22
U0302,S023,Free,Chennai,Thriller,Series,5,1,105,87.62
U0426,S023,Standard,Chennai,Thriller,Series,3,0,85,100.39
U0346,S023,Basic,Hyderabad,Thriller,Series,8,5,155,136.0
U0480,S023,Standard,Chennai,Thriller,Series,4,1,128,98.08
U0482,S023,Free,Pune,Thriller,Series,5,2,37,47.88
U0155,S023,Free,Noida,Thriller,Series,8,6,129,111.98
U0181,S023,Basic,Bangalore,Thriller,Series,5,6,97,81.5
U0376,S023,Premium,Chennai,Thriller,Series,4,6,31,73.61
U0130,S023,Free,Chennai,Thriller,Series,9,1,20,39.87
U0463,S023,Free,Mumbai,Thriller,Series,8,0,176,87.73
U0200,S023,Standard,Kolkata,Thriller,Series,4,6,81,82.49
U0112,S023,Free,Bangalore,Thriller,Series,8,5,90,99.1
U0424,S023,Premium,Kolkata,Thriller,Series,5,4,65,87.51
U0472,S023,Standard,Chennai,Thriller,Series,6,0,151,134.07
U0176,S023,Premium,Noida,Thriller,Series,4,3,121,109.97
U0305,S023,Standard,Mumbai,Thriller,Series,4,0,171,143.02
U0173,S023,Basic,Mumbai,Thriller,Series,5,6,103,65.15
U0093,S023,Standard,Kolkata,Thriller,Series,6,2,15,34.65
U0368,S023,Premium,Delhi,Thriller,Series,9,2,20,40.63
U0094,S023,Basic,Noida,Thriller,Series,9,3,136,113.83
U0414,S023,Free,Kolkata,Thriller,Series,4,4,153,128.1075
U0395,S023,Premium,Mumbai,Thriller,Series,7,4,94,97.66
U0195,S023,Standard,Noida,Thriller,Series,6,4,118,106.11
U0372,S023,Basic,Kolkata,Thriller,Series,7,2,113,92.61
U0026,S023,Standard,Mumbai,Thriller,Series,8,3,52,58.13
U0320,S023,Free,Kolkata,Thriller,Series,7,2,16,32.16
U0332,S023,Free,Delhi,Thriller,Series,6,6,38,56.31
U0008,S023,Free,Hyderabad,Thriller,Series,4,4,131,93.46
U0136,S023,Standard,Mumbai,Thriller,Series,7,2,25,46.05
U0458,S023,Basic,Delhi,Thriller,Series,8,1,54,91.06
U0427,S023,Premium,Noida,Thriller,Series,9,3,160,130.66
U0134,S023,Standard,Delhi,Thriller,Series,7,1,124,112.49
U0064,S023,Premium,Pune,Thriller,Series,4,1,180,160.04
U0363,S023,Standard,Hyderabad,Thriller,Series,6,5,105,109.0
U0259,S023,Standard,Chennai,Thriller,Series,3,4,126,119.03666666666668
U0236,S023,Premium,Pune,Thriller,Series,4,5,139,123.15
U0162,S023,Free,Pune,Thriller,Series,7,4,166,137.26
U0105,S023,Free,Mumbai,Thriller,Series,7,1,79,80.17
U0146,S023,Free,Delhi,Thriller,Series,3,1,39,55.27
U0279,S023,Free,Kolkata,Thriller,Series,8,6,163,139.04
U0109,S023,Standard,Noida,Thriller,Series,4,3,78,90.18
U0067,S023,Free,Mumbai,Thriller,Series,6,3,166,92.6
U0169,S023,Standard,Chennai,Thriller,Series,8,1,80,84.13
U0089,S023,Free,Noida,Thriller,Series,9,2,31,53.29
U0387,S023,Free,Hyderabad,Thriller,Series,7,4,21,56.86
U0035,S023,Premium,Delhi,Thriller,Series,6,5,23,89.7
U0216,S023,Standard,Delhi,Thriller,Series,9,1,144,113.61
U0394,S023,Basic,Chennai,Thriller,Series,5,0,148,129.13
U0461,S023,Basic,Chennai,Thriller,Series,9,0,132,87.5
U0121,S023,Premium,Chennai,Thriller,Series,3,4,114,116.51666666666668
U0199,S023,Basic,Hyderabad,Thriller,Series,5,5,139,134.68
U0207,S023,Basic,Hyderabad,Thriller,Series,6,1,165,128.76
U0238,S023,Premium,Pune,Thriller,Series,5,2,125,107.42
U0159,S023,Free,Delhi,Thriller,Series,6,0,57,66.29
U0107,S023,Free,Pune,Thriller,Series,6,4,76,88.03
U0082,S023,Basic,Chennai,Thriller,Series,6,2,25,46.05
U0453,S023,Premium,Mumbai,Thriller,Series,5,2,62,71.43
U0327,S023,Standard,Kolkata,Thriller,Series,5,4,178,94.8175
U0311,S023,Free,Hyderabad,Thriller,Series,9,4,146,127.44
U0139,S023,Basic,Hyderabad,Thriller,Series,4,4,67,80.79
U0152,S023,Basic,Bangalore,Thriller,Series,4,2,75,72.17
U0294,S023,Free,Kolkata,Thriller,Series,4,4,158,124.1375
U0198,S023,Premium,Kolkata,Thriller,Series,7,1,53,83.85
U0214,S023,Premium,Bangalore,Thriller,Series,6,1,167,94.11
U0011,S023,Free,Kolkata,Thriller,Series,4,4,130,96.9475
U0481,S023,Basic,Pune,Thriller,Series,8,6,10,54.37
U0478,S023,Free,Pune,Thriller,Series,7,1,156,131.37
U0166,S023,Standard,Bangalore,Thriller,Series,7,2,68,62.08
U0399,S023,Basic,Hyderabad,Thriller,Series,7,0,166,146.41
U0199,S023,Basic,Hyderabad,Thriller,Series,8,4,171,158.65
U0376,S023,Premium,Chennai,Thriller,Series,8,6,172,98.0
U0105,S024,Free,Mumbai,Drama,Series,4,3,76,85.82
U0262,S024,Standard,Bangalore,Drama,Series,5,4,156,140.445
U0474,S024,Premium,Bangalore,Drama,Series,4,6,59,86.35
U0236,S024,Premium,Pune,Drama,Series,6,3,101,102.34
U0386,S024,Standard,Kolkata,Drama,Series,7,6,81,95.78
U0037,S024,Standard,Kolkata,Drama,Series,6,5,114,116.7
U0014,S024,Basic,Hyderabad,Drama,Series,8,2,93,86.8
U0460,S024,Free,Hyderabad,Drama,Series,4,5,173,156.34
U0044,S024,Basic,Hyderabad,Drama,Series,9,5,165,141.96
U0223,S024,Premium,Delhi,Drama,Series,5,2,180,91.92
U0129,S024,Standard,Chennai,Drama,Series,9,4,63,68.68833333333333
U0071,S024,Free,Hyderabad,Drama,Series,9,5,179,159.78
U0172,S024,Basic,Chennai,Drama,Series,7,6,115,100.68
U0010,S024,Free,Delhi,Drama,Series,8,3,131,117.9
U0072,S024,Free,Bangalore,Drama,Series,8,0,58,65.71
U0158,S024,Standard,Kolkata,Drama,Series,6,6,167,142.22
U0435,S024,Premium,Kolkata,Drama,Series,5,4,161,127.6
U0394,S024,Basic,Chennai,Drama,Series,7,6,163,100.41
U0003,S024,Free,Mumbai,Drama,Series,6,0,89,83.72
U0228,S024,Basic,Chennai,Drama,Series,7,2,116,105.09
U0081,S024,Basic,Pune,Drama,Series,6,6,70,77.68
U0267,S024,Basic,Bangalore,Drama,Series,5,0,21,53.43
U0156,S024,Free,Mumbai,Drama,Series,6,5,170,155.48
U0414,S024,Free,Kolkata,Drama,Series,7,4,97,99.82
U0092,S024,Premium,Kolkata,Drama,Series,5,6,134,110.08
U0465,S024,Free,Delhi,Drama,Series,4,3,29,106.32
U0338,S024,Premium,Pune,Drama,Series,7,4,107,101.09
U0393,S024,Premium,Chennai,Drama,Series,9,3,17,54.54
U0102,S024,Premium,Hyderabad,Drama,Series,8,5,66,99.87
U0459,S024,Premium,Bangalore,Drama,Series,5,2,63,72.35
U0016,S024,Free,Kolkata,Drama,Series,5,4,31,52.99666666666666
U0002,S024,Basic,Noida,Drama,Series,7,4,31,54.346666666666664
U0118,S024,Standard,Hyderabad,Drama,Series,6,6,68,100.65
U0029,S024,Free,Chennai,Drama,Series,7,6,91,83.21
U0124,S024,Premium,Chennai,Drama,Series,5,6,83,77.345
U0077,S024,Basic,Pune,Drama,Series,6,1,140,124.21
U0128,S024,Basic,Mumbai,Drama,Series,4,1,35,63.25
U0326,S024,Basic,Hyderabad,Drama,Series,6,3,93,95.86
U0316,S024,Premium,Bangalore,Drama,Series,7,3,55,61.91
U0217,S024,Free,Delhi,Drama,Series,4,5,119,115.63
U0187,S024,Standard,Mumbai,Drama,Series,3,1,166,130.47
U0462,S024,Standard,Kolkata,Drama,Series,6,4,123,111.31166666666668
U0358,S024,Premium,Kolkata,Drama,Series,8,6,147,137.47
U0350,S024,Basic,Kolkata,Drama,Series,8,0,69,81.0
U0383,S024,Basic,Hyderabad,Drama,Series,9,4,136,103.86
U0139,S024,Basic,Hyderabad,Drama,Series,5,3,58,74.32
U0037,S024,Standard,Kolkata,Drama,Series,4,6,111,106.68
U0245,S024,Premium,Noida,Drama,Series,7,5,172,141.21
U0360,S024,Standard,Pune,Drama,Series,8,5,70,79.45
U0390,S024,Basic,Bangalore,Drama,Series,4,4,131,118.7475
U0112,S024,Free,Bangalore,Drama,Series,8,6,132,123.24
U0107,S024,Free,Pune,Drama,Series,6,6,138,122.01
U0164,S024,Basic,Pune,Drama,Series,4,0,164,136.38
U0146,S024,Free,Delhi,Drama,Series,7,4,151,128.31
U0150,S024,Free,Kolkata,Drama,Series,5,3,45,66.63
U0020,S024,Basic,Hyderabad,Drama,Series,6,1,48,75.85
U0431,S024,Basic,Bangalore,Drama,Series,7,4,16,42.19
U0309,S024,Free,Delhi,Drama,Series,8,6,130,126.44
U0110,S024,Standard,Noida,Drama,Series,3,4,111,101.64333333333335
U0278,S024,Basic,Bangalore,Drama,Series,4,4,122,116.0575
U0200,S024,Standard,Kolkata,Drama,Series,9,4,122,78.51666666666667
U0464,S024,Basic,Delhi,Drama,Series,9,6,103,107.31
U0381,S024,Free,Delhi,Drama,Series,8,0,44,58.99
U0444,S024,Free,Hyderabad,Drama,Series,6,3,134,117.37
U0246,S024,Basic,Noida,Drama,Series,9,5,69,83.39
U0384,S024,Premium,Pune,Drama,Series,9,4,114,107.62
U0472,S024,Standard,Chennai,Drama,Series,6,0,122,116.77
U0013,S024,Standard,Chennai,Drama,Series,5,4,27,73.1209880952381
U0020,S024,Basic,Hyderabad,Drama,Series,9,2,164,108.28
U0429,S024,Basic,Pune,Drama,Series,7,5,177,153.9
U0366,S024,Standard,Pune,Drama,Series,7,0,106,101.31
U0145,S024,Basic,Chennai,Drama,Series,9,5,66,78.58
U0404,S024,Premium,Delhi,Drama,Series,5,5,129,87.73
U0400,S024,Premium,Pune,Drama,Series,7,4,63,79.82
U0039,S024,Free,Bangalore,Drama,Series,4,2,42,60.97
U0254,S024,Standard,Bangalore,Drama,Series,5,4,81,87.1825
U0140,S024,Standard,Chennai,Drama,Series,6,3,43,58.75
U0362,S024,Standard,Delhi,Drama,Series,4,3,136,127.87
U0049,S024,Basic,Kolkata,Drama,Series,5,0,135,74.13
U0439,S024,Standard,Kolkata,Drama,Series,8,2,133,83.04
U0469,S024,Premium,Chennai,Drama,Series,5,3,104,98.35166666666667
U0286,S024,Standard,Delhi,Drama,Series,4,4,108,105.43
U0231,S024,Basic,Kolkata,Drama,Series,6,1,26,46.77
U0291,S024,Premium,Pune,Drama,Series,4,3,117,103.22
U0013,S024,Standard,Chennai,Drama,Series,5,4,106,73.1209880952381
U0259,S024,Standard,Chennai,Drama,Series,8,1,14,49.75
U0148,S024,Basic,Pune,Drama,Series,5,1,100,99.08
U0013,S024,Standard,Chennai,Drama,Series,5,4,64,73.1209880952381
U0256,S024,Basic,Delhi,Drama,Series,7,4,180,146.71
U0126,S024,Free,Pune,Drama,Series,8,2,62,72.19
U0106,S024,Standard,Mumbai,Drama,Series,8,2,155,136.07
U0069,S024,Standard,Noida,Drama,Series,3,6,113,111.07
U0330,S024,Basic,Noida,Drama,Series,4,4,58,56.85666666666666
U0483,S024,Free,Bangalore,Drama,Series,8,4,110,109.63
U0412,S024,Free,Bangalore,Drama,Series,6,0,132,82.42
U0078,S024,Free,Chennai,Drama,Series,5,3,165,130.70333333333332
U0371,S024,Free,Pune,Drama,Series,4,4,15,99.28416666666666
U0229,S024,Basic,Mumbai,Drama,Series,7,6,33,66.24
U0262,S024,Standard,Bangalore,Drama,Series,4,0,124,129.18
U0268,S024,Premium,Pune,Drama,Series,4,2,44,63.22
U0226,S025,Basic,Hyderabad,Action,Movie,5,3,61,76.44
U0497,S025,Basic,Chennai,Action,Movie,7,0,33,57.28
U0432,S025,Basic,Chennai,Action,Movie,6,4,72,76.46
U0285,S025,Free,Mumbai,Action,Movie,8,5,48,67.68
U0455,S025,Free,Kolkata,Action,Movie,8,5,152,138.42
U0093,S025,Standard,Kolkata,Action,Movie,8,1,170,145.02
U0399,S025,Basic,Hyderabad,Action,Movie,3,5,45,98.59
U0303,S025,Basic,Pune,Action,Movie,7,2,64,74.56
U0475,S025,Basic,Bangalore,Action,Movie,5,6,84,88.0
U0450,S025,Free,Mumbai,Action,Movie,7,2,63,50.78
U0390,S025,Basic,Bangalore,Action,Movie,5,5,150,126.43
U0266,S025,Premium,Pune,Action,Movie,4,2,139,122.58
U0200,S025,Standard,Kolkata,Action,Movie,6,5,96,101.21
U0367,S025,Basic,Chennai,Action,Movie,7,6,137,96.57
U0188,S025,Free,Mumbai,Action,Movie,4,4,29,54.12
U0459,S025,Premium,Bangalore,Action,Movie,4,0,127,118.01
U0325,S025,Basic,Delhi,Action,Movie,7,6,70,106.37
U0280,S025,Basic,Pune,Action,Movie,5,6,109,105.46
U0371,S025,Free,Pune,Action,Movie,6,0,94,100.76
U0112,S025,Free,Bangalore,Action,Movie,6,2,75,65.61
U0196,S025,Basic,Bangalore,Action,Movie,7,6,157,96.29
U0442,S025,Free,Noida,Action,Movie,8,2,56,64.34
U0227,S025,Premium,Mumbai,Action,Movie,8,4,126,107.09
U0369,S025,Standard,Mumbai,Action,Movie,4,5,177,143.61
U0432,S025,Basic,Chennai,Action,Movie,6,0,92,86.38
U0375,S025,Basic,Noida,Action,Movie,5,6,28,48.06
U0308,S025,Premium,Bangalore,Action,Movie,3,5,151,146.14
U0127,S025,Free,Delhi,Action,Movie,7,0,32,110.53
U0408,S025,Basic,Chennai,Action,Movie,6,5,47,59.83
U0292,S025,Free,Mumbai,Action,Movie,8,4,46,71.95
U0275,S025,Standard,Chennai,Action,Movie,7,5,34,59.35
U0428,S025,Free,Chennai,Action,Movie,7,2,73,75.86
U0163,S025,Standard,Pune,Action,Movie,4,1,140,114.28
U0244,S025,Free,Bangalore,Action,Movie,7,1,135,116.61
U0446,S025,Premium,Noida,Action,Movie,4,2,85,95.83
U0160,S025,Free,Kolkata,Action,Movie,5,4,102,93.54
U0169,S025,Standard,Chennai,Action,Movie,6,1,63,77.2
U0214,S025,Premium,Bangalore,Action,Movie,8,5,26,60.89
U0191,S025,Standard,Mumbai,Action,Movie,7,5,60,73.15
U0371,S025,Free,Pune,Action,Movie,7,2,81,84.91
U0127,S025,Free,Delhi,Action,Movie,7,6,165,147.9
U0043,S025,Free,Chennai,Action,Movie,5,1,50,55.61
U0242,S025,Basic,Delhi,Action,Movie,5,4,138,119.58
U0144,S025,Basic,Mumbai,Action,Movie,5,5,63,75.82
U0427,S025,Premium,Noida,Action,Movie,7,6,29,97.79
U0318,S025,Basic,Mumbai,Action,Movie,5,3,15,44.42
U0237,S025,Premium,Kolkata,Action,Movie,5,2,43,59.57
U0495,S025,Standard,Bangalore,Action,Movie,6,4,83,98.55
U0425,S025,Basic,Kolkata,Action,Movie,5,1,87,79.71
U0148,S025,Basic,Pune,Action,Movie,5,4,79,95.46
U0386,S025,Standard,Kolkata,Action,Movie,6,1,87,96.88
U0440,S025,Free,Delhi,Action,Movie,8,0,105,101.18
U0326,S025,Basic,Hyderabad,Action,Movie,4,6,104,92.63
U0219,S025,Standard,Delhi,Action,Movie,7,3,81,66.67
U0324,S025,Standard,Delhi,Action,Movie,5,3,149,131.26
U0269,S025,Free,Bangalore,Action,Movie,7,6,134,108.35
U0334,S025,Free,Noida,Action,Movie,7,1,155,135.11
U0030,S025,Free,Chennai,Action,Movie,6,6,179,128.68
U0302,S025,Free,Chennai,Action,Movie,4,4,76,83.48
U0111,S025,Basic,Noida,Action,Movie,8,6,156,138.93
U0034,S025,Standard,Pune,Action,Movie,5,6,134,130.0
U0030,S025,Free,Chennai,Action,Movie,6,3,27,59.84
U0036,S025,Free,Delhi,Action,Movie,4,6,15,46.76
U0470,S025,Basic,Mumbai,Action,Movie,4,3,69,77.25
U0273,S025,Free,Mumbai,Action,Movie,7,0,32,53.95
U0130,S025,Free,Chennai,Action,Movie,4,1,71,70.02
U0026,S025,Standard,Mumbai,Action,Movie,4,6,54,65.05
U0214,S025,Premium,Bangalore,Action,Movie,8,0,141,123.42
U0267,S025,Basic,Bangalore,Action,Movie,8,0,136,122.1
U0341,S025,Free,Chennai,Action,Movie,7,3,135,115.22
U0110,S025,Standard,Noida,Action,Movie,8,6,179,154.68
U0226,S025,Basic,Hyderabad,Action,Movie,7,0,135,116.18
U0296,S025,Basic,Noida,Action,Movie,4,4,77,99.01
U0309,S025,Free,Delhi,Action,Movie,9,4,145,124.51
U0018,S025,Standard,Chennai,Action,Movie,8,4,121,93.61
U0171,S025,Basic,Pune,Action,Movie,6,4,152,80.02
U0007,S025,Free,Chennai,Action,Movie,5,4,126,105.96
U0058,S025,Premium,Pune,Action,Movie,6,1,71,104.4
U0262,S025,Standard,Bangalore,Action,Movie,9,2,138,138.49
U0323,S025,Premium,Delhi,Action,Movie,7,0,136,110.59
U0324,S025,Standard,Delhi,Action,Movie,3,0,110,110.42
U0297,S025,Free,Hyderabad,Action,Movie,5,5,21,48.28
U0385,S025,Standard,Chennai,Action,Movie,8,5,52,67.96
U0225,S025,Free,Hyderabad,Action,Movie,9,1,82,96.62
U0271,S025,Basic,Pune,Action,Movie,4,5,20,106.37
U0242,S025,Basic,Delhi,Action,Movie,4,1,84,89.03
U0383,S025,Basic,Hyderabad,Action,Movie,5,5,171,139.22
U0434,S025,Free,Hyderabad,Action,Movie,6,3,150,137.72
U0256,S025,Basic,Delhi,Action,Movie,8,3,57,78.4
U0386,S025,Standard,Kolkata,Action,Movie,9,1,169,151.9
U0409,S025,Free,Kolkata,Action,Movie,7,5,124,120.45
U0279,S025,Free,Kolkata,Action,Movie,7,6,151,138.95
U0332,S025,Free,Delhi,Action,Movie,6,0,116,108.72
U0112,S025,Free,Bangalore,Action,Movie,5,1,16,56.3
U0276,S025,Premium,Mumbai,Action,Movie,8,0,55,82.25
U0292,S025,Free,Mumbai,Action,Movie,5,3,161,126.84
U0347,S025,Free,Hyderabad,Action,Movie,7,6,86,95.69
U0096,S025,Premium,Chennai,Action,Movie,7,3,112,96.93
U0392,S025,Free,Bangalore,Action,Movie,4,6,105,92.19
U0184,S025,Premium,Noida,Action,Movie,7,1,85,109.91
U0187,S026,Standard,Mumbai,Comedy,Movie,4,2,46,59.11
U0115,S026,Basic,Noida,Comedy,Movie,9,3,76,77.84
U0471,S026,Basic,Mumbai,Comedy,Movie,5,3,38,52.75
U0257,S026,Premium,Chennai,Comedy,Movie,8,3,133,107.11
U0316,S026,Premium,Bangalore,Comedy,Movie,7,1,140,121.34
U0132,S026,Basic,Kolkata,Comedy,Movie,5,0,98,106.44
U0068,S026,Free,Bangalore,Comedy,Movie,5,0,111,109.91
U0381,S026,Free,Delhi,Comedy,Movie,7,3,12,82.21
U0300,S026,Free,Bangalore,Comedy,Movie,6,2,45,54.67
U0242,S026,Basic,Delhi,Comedy,Movie,7,3,30,59.27
U0491,S026,Standard,Delhi,Comedy,Movie,6,5,14,49.57
U0217,S026,Free,Delhi,Comedy,Movie,6,5,128,111.0
U0124,S026,Premium,Chennai,Comedy,Movie,5,5,123,104.65
U0362,S026,Standard,Delhi,Comedy,Movie,6,0,153,143.55
U0030,S026,Free,Chennai,Comedy,Movie,3,0,126,118.39
U0137,S026,Premium,Noida,Comedy,Movie,5,2,153,129.85
U0426,S026,Standard,Chennai,Comedy,Movie,7,0,129,124.14
U0165,S026,Free,Bangalore,Comedy,Movie,5,6,30,44.53
U0087,S026,Free,Kolkata,Comedy,Movie,9,3,174,139.39
U0020,S026,Basic,Hyderabad,Comedy,Movie,8,4,136,133.38
U0284,S026,Basic,Kolkata,Comedy,Movie,4,1,122,111.18
U0102,S026,Premium,Hyderabad,Comedy,Movie,9,5,68,96.38
U0418,S026,Basic,Hyderabad,Comedy,Movie,7,5,135,122.38
U0353,S026,Premium,Mumbai,Comedy,Movie,8,3,48,66.44
U0301,S026,Free,Mumbai,Comedy,Movie,4,1,112,102.79
U0476,S026,Standard,Pune,Comedy,Movie,5,4,17,67.9
U0147,S026,Free,Kolkata,Comedy,Movie,8,3,57,74.3
U0264,S026,Free,Kolkata,Comedy,Movie,9,5,122,102.52
U0450,S026,Free,Mumbai,Comedy,Movie,7,2,22,34.36
U0401,S026,Free,Kolkata,Comedy,Movie,5,5,166,129.06
U0188,S026,Free,Mumbai,Comedy,Movie,9,1,74,107.74
U0092,S026,Premium,Kolkata,Comedy,Movie,7,4,36,84.67
U0441,S026,Standard,Kolkata,Comedy,Movie,5,6,34,49.65
U0257,S026,Premium,Chennai,Comedy,Movie,8,3,163,107.11
U0389,S026,Standard,Hyderabad,Comedy,Movie,5,0,154,130.14
U0327,S026,Standard,Kolkata,Comedy,Movie,4,1,49,67.57
U0343,S026,Basic,Mumbai,Comedy,Movie,4,4,59,63.78
U0451,S026,Free,Pune,Comedy,Movie,8,6,24,40.76
U0083,S026,Standard,Noida,Comedy,Movie,5,6,19,35.8
U0411,S026,Free,Delhi,Comedy,Movie,4,2,156,139.24
U0445,S026,Free,Bangalore,Comedy,Movie,6,4,116,75.54
U0325,S026,Basic,Delhi,Comedy,Movie,7,3,58,70.75
U0491,S026,Standard,Delhi,Comedy,Movie,5,5,133,103.01
U0295,S026,Free,Noida,Comedy,Movie,5,0,108,112.29
U0064,S026,Premium,Pune,Comedy,Movie,4,5,45,96.09
U0081,S026,Basic,Pune,Comedy,Movie,9,6,11,42.69
U0405,S026,Free,Delhi,Comedy,Movie,8,4,119,111.42
U0296,S026,Basic,Noida,Comedy,Movie,4,4,167,130.47
U0364,S026,Standard,Bangalore,Comedy,Movie,4,2,43,68.58
U0408,S026,Basic,Chennai,Comedy,Movie,9,0,81,90.02
U0214,S026,Premium,Bangalore,Comedy,Movie,6,6,52,60.78
U0164,S026,Basic,Pune,Comedy,Movie,6,0,22,49.05
U0308,S026,Premium,Bangalore,Comedy,Movie,5,4,41,76.72
U0067,S026,Free,Mumbai,Comedy,Movie,9,5,161,128.06
U0223,S026,Premium,Delhi,Comedy,Movie,3,0,171,146.2
U0416,S026,Basic,Bangalore,Comedy,Movie,4,5,53,65.57
U0454,S026,Free,Pune,Comedy,Movie,8,5,137,116.46
U0325,S026,Basic,Delhi,Comedy,Movie,8,6,45,80.05
U0019,S026,Free,Mumbai,Comedy,Movie,5,3,49,61.96
U0162,S026,Free,Pune,Comedy,Movie,7,4,98,92.71
U0162,S026,Free,Pune,Comedy,Movie,4,3,85,88.15
U0366,S026,Standard,Pune,Comedy,Movie,5,1,20,44.04
U0313,S026,Free,Hyderabad,Comedy,Movie,7,4,162,136.35
U0018,S026,Standard,Chennai,Comedy,Movie,3,1,10,46.79
U0383,S026,Basic,Hyderabad,Comedy,Movie,3,2,99,103.71
U0087,S026,Free,Kolkata,Comedy,Movie,6,0,143,131.97
U0421,S026,Standard,Mumbai,Comedy,Movie,4,5,170,79.65
U0331,S026,Premium,Bangalore,Comedy,Movie,4,1,136,110.46
U0306,S026,Standard,Mumbai,Comedy,Movie,8,2,137,121.27
U0336,S026,Premium,Noida,Comedy,Movie,5,3,139,81.69
U0470,S026,Basic,Mumbai,Comedy,Movie,9,0,77,79.6
U0405,S026,Free,Delhi,Comedy,Movie,3,0,87,121.4
U0247,S026,Free,Mumbai,Comedy,Movie,6,3,26,42.36
U0003,S026,Free,Mumbai,Comedy,Movie,6,5,41,50.01
U0447,S026,Free,Noida,Comedy,Movie,6,1,83,91.84
U0168,S026,Free,Kolkata,Comedy,Movie,5,6,94,82.64
U0217,S026,Free,Delhi,Comedy,Movie,7,1,163,138.92
U0055,S026,Free,Pune,Comedy,Movie,8,5,108,102.38
U0299,S026,Free,Noida,Comedy,Movie,7,0,99,106.12
U0253,S026,Free,Noida,Comedy,Movie,6,1,11,41.52
U0236,S026,Premium,Pune,Comedy,Movie,4,0,158,147.73
U0010,S026,Free,Delhi,Comedy,Movie,6,5,154,82.06
U0008,S026,Free,Hyderabad,Comedy,Movie,8,3,148,137.72
U0194,S026,Free,Hyderabad,Comedy,Movie,8,3,173,149.42
U0275,S026,Standard,Chennai,Comedy,Movie,9,4,32,63.34
U0005,S026,Standard,Noida,Comedy,Movie,9,1,167,141.86
U0282,S026,Free,Noida,Comedy,Movie,8,4,97,80.77
U0352,S026,Free,Noida,Comedy,Movie,3,3,26,43.16
U0044,S026,Basic,Hyderabad,Comedy,Movie,8,1,96,99.88
U0071,S026,Free,Hyderabad,Comedy,Movie,4,4,30,103.29
U0350,S026,Basic,Kolkata,Comedy,Movie,8,3,164,139.32
U0399,S026,Basic,Hyderabad,Comedy,Movie,7,4,57,69.35
U0090,S026,Free,Noida,Comedy,Movie,7,3,71,74.12
U0264,S026,Free,Kolkata,Comedy,Movie,5,6,55,59.75
U0094,S026,Basic,Noida,Comedy,Movie,3,0,147,103.42
U0314,S026,Standard,Mumbai,Comedy,Movie,8,3,91,79.26
U0049,S026,Basic,Kolkata,Comedy,Movie,8,2,170,88.87
U0210,S026,Standard,Pune,Comedy,Movie,8,5,29,55.87
U0131,S026,Premium,Kolkata,Comedy,Movie,3,2,39,64.34
U0393,S026,Premium,Chennai,Comedy,Movie,8,4,139,122.36
U0003,S026,Free,Mumbai,Comedy,Movie,8,6,66,64.96
U0040,S026,Free,Mumbai,Comedy,Movie,7,5,36,53.71
U0135,S026,Free,Kolkata,Comedy,Movie,5,1,105,97.2
U0417,S026,Free,Chennai,Comedy,Movie,7,2,175,85.28
U0400,S026,Premium,Pune,Comedy,Movie,8,6,136,109.39
U0255,S026,Standard,Bangalore,Comedy,Movie,8,6,40,76.95
U0107,S026,Free,Pune,Comedy,Movie,7,3,117,110.05
U0100,S026,Standard,Chennai,Comedy,Movie,9,0,168,145.71
U0382,S026,Standard,Bangalore,Comedy,Movie,6,1,95,86.72
U0414,S027,Free,Kolkata,Romance,Movie,9,5,22,56.98
U0260,S027,Free,Kolkata,Romance,Movie,8,2,81,81.51
U0040,S027,Free,Mumbai,Romance,Movie,8,4,42,56.18
U0353,S027,Premium,Mumbai,Romance,Movie,9,1,68,76.82
U0191,S027,Standard,Mumbai,Romance,Movie,4,5,175,145.25
U0079,S027,Standard,Kolkata,Romance,Movie,3,3,59,61.21
U0451,S027,Free,Pune,Romance,Movie,4,0,143,109.05
U0145,S027,Basic,Chennai,Romance,Movie,7,2,98,90.04
U0108,S027,Free,Hyderabad,Romance,Movie,8,5,157,135.36
U0047,S027,Basic,Pune,Romance,Movie,7,1,150,129.72
U0154,S027,Free,Mumbai,Romance,Movie,6,6,46,57.87
U0062,S027,Free,Chennai,Romance,Movie,8,0,158,96.66
U0264,S027,Free,Kolkata,Romance,Movie,6,1,88,78.12
U0488,S027,Free,Kolkata,Romance,Movie,4,6,87,81.92
U0270,S027,Free,Delhi,Romance,Movie,5,3,134,116.04
U0089,S027,Free,Noida,Romance,Movie,7,6,180,144.37
U0247,S027,Free,Mumbai,Romance,Movie,7,0,78,75.04
U0443,S027,Free,Pune,Romance,Movie,7,2,107,106.57
U0153,S027,Premium,Noida,Romance,Movie,4,1,96,104.03
U0495,S027,Standard,Bangalore,Romance,Movie,6,1,135,116.65
U0448,S027,Free,Chennai,Romance,Movie,4,1,60,86.47
U0077,S027,Basic,Pune,Romance,Movie,7,2,135,126.94
U0309,S027,Free,Delhi,Romance,Movie,4,3,96,94.78
U0147,S027,Free,Kolkata,Romance,Movie,9,2,126,115.03
U0399,S027,Basic,Hyderabad,Romance,Movie,4,6,91,70.2
U0214,S027,Premium,Bangalore,Romance,Movie,5,3,141,119.42
U0394,S027,Basic,Chennai,Romance,Movie,5,2,54,66.23
U0184,S027,Premium,Noida,Romance,Movie,8,3,99,102.68
U0081,S027,Basic,Pune,Romance,Movie,5,6,93,92.34
U0280,S027,Basic,Pune,Romance,Movie,7,5,49,111.44
U0496,S027,Standard,Hyderabad,Romance,Movie,7,4,56,71.4
U0153,S027,Premium,Noida,Romance,Movie,7,3,158,137.41
U0216,S027,Standard,Delhi,Romance,Movie,6,1,166,135.38
U0433,S027,Basic,Chennai,Romance,Movie,6,1,80,80.96
U0207,S027,Basic,Hyderabad,Romance,Movie,7,1,19,57.22
U0405,S027,Free,Delhi,Romance,Movie,7,5,31,58.11
U0244,S027,Free,Bangalore,Romance,Movie,8,1,94,92.11
U0093,S027,Standard,Kolkata,Romance,Movie,6,5,82,108.77
U0376,S027,Premium,Chennai,Romance,Movie,6,4,17,91.02
U0444,S027,Free,Hyderabad,Romance,Movie,4,5,65,72.68
U0040,S027,Free,Mumbai,Romance,Movie,8,0,71,74.91
U0132,S027,Basic,Kolkata,Romance,Movie,9,2,69,78.48
U0029,S027,Free,Chennai,Romance,Movie,7,3,80,75.47
U0104,S027,Standard,Delhi,Romance,Movie,7,2,66,95.24
U0269,S027,Free,Bangalore,Romance,Movie,8,3,109,105.29
U0445,S027,Free,Bangalore,Romance,Movie,7,0,70,72.53
U0197,S027,Standard,Delhi,Romance,Movie,4,0,142,125.86
U0425,S027,Basic,Kolkata,Romance,Movie,5,2,98,87.61
U0375,S027,Basic,Noida,Romance,Movie,9,1,52,66.55
U0218,S027,Standard,Chennai,Romance,Movie,5,0,91,101.45
U0196,S027,Basic,Bangalore,Romance,Movie,8,0,98,94.6
U0333,S027,Free,Pune,Romance,Movie,9,6,175,148.36
U0387,S027,Free,Hyderabad,Romance,Movie,9,3,85,91.47
U0177,S027,Free,Pune,Romance,Movie,5,3,40,58.45
U0498,S027,Free,Pune,Romance,Movie,7,0,118,115.95
U0264,S027,Free,Kolkata,Romance,Movie,6,6,120,102.14
U0072,S027,Free,Bangalore,Romance,Movie,4,6,21,96.12
U0156,S027,Free,Mumbai,Romance,Movie,6,4,26,64.26
U0205,S027,Free,Bangalore,Romance,Movie,7,5,134,118.75
U0198,S027,Premium,Kolkata,Romance,Movie,5,6,155,137.21
U0296,S027,Basic,Noida,Romance,Movie,5,4,153,105.0
U0461,S027,Basic,Chennai,Romance,Movie,5,0,12,80.81
U0113,S027,Free,Chennai,Romance,Movie,6,4,82,80.32
U0474,S027,Premium,Bangalore,Romance,Movie,7,3,164,134.0
U0256,S027,Basic,Delhi,Romance,Movie,3,1,88,98.70666666666668
U0197,S027,Standard,Delhi,Romance,Movie,6,5,117,110.14
U0102,S027,Premium,Hyderabad,Romance,Movie,7,3,180,145.47
U0106,S027,Standard,Mumbai,Romance,Movie,7,0,56,83.82
U0230,S027,Free,Hyderabad,Romance,Movie,4,6,61,63.26
U0299,S027,Free,Noida,Romance,Movie,6,0,41,58.15
U0251,S027,Basic,Kolkata,Romance,Movie,8,5,40,95.95
U0364,S027,Standard,Bangalore,Romance,Movie,6,1,104,98.988
U0053,S027,Free,Pune,Romance,Movie,3,1,83,91.36
U0146,S027,Free,Delhi,Romance,Movie,7,3,72,79.67
U0444,S027,Free,Hyderabad,Romance,Movie,8,2,42,95.5
U0007,S027,Free,Chennai,Romance,Movie,6,1,10,35.62
U0041,S027,Basic,Delhi,Romance,Movie,9,1,84,77.66
U0489,S027,Free,Hyderabad,Romance,Movie,4,2,136,118.53
U0422,S027,Premium,Delhi,Romance,Movie,8,5,119,113.45
U0171,S027,Basic,Pune,Romance,Movie,7,4,41,61.31
U0009,S027,Basic,Mumbai,Romance,Movie,4,1,85,80.68
U0492,S027,Free,Delhi,Romance,Movie,6,3,70,78.66
U0044,S027,Basic,Hyderabad,Romance,Movie,8,0,35,87.07
U0494,S027,Basic,Noida,Romance,Movie,5,3,139,116.67
U0276,S027,Premium,Mumbai,Romance,Movie,8,2,55,75.39
U0298,S027,Basic,Noida,Romance,Movie,3,0,83,86.76
U0104,S027,Standard,Delhi,Romance,Movie,3,0,85,93.89
U0368,S027,Premium,Delhi,Romance,Movie,6,0,100,94.76
U0433,S027,Basic,Chennai,Romance,Movie,5,0,77,83.63
U0068,S027,Free,Bangalore,Romance,Movie,6,0,43,60.74
U0017,S027,Premium,Mumbai,Romance,Movie,4,2,11,37.65
U0246,S027,Basic,Noida,Romance,Movie,7,2,90,90.29
U0214,S027,Premium,Bangalore,Romance,Movie,8,4,118,102.37
U0379,S027,Basic,Delhi,Romance,Movie,8,5,105,92.49
U0430,S027,Free,Bangalore,Romance,Movie,7,3,27,58.24
U0038,S027,Standard,Noida,Romance,Movie,4,0,146,126.03
U0152,S027,Basic,Bangalore,Romance,Movie,4,6,12,84.2
U0464,S027,Basic,Delhi,Romance,Movie,8,0,78,85.65
U0066,S027,Free,Chennai,Romance,Movie,5,5,173,90.59
U0438,S027,Free,Kolkata,Romance,Movie,4,5,175,82.07
U0249,S027,Free,Hyderabad,Romance,Movie,9,2,99,100.62
U0183,S027,Free,Hyderabad,Romance,Movie,4,1,18,49.83
U0127,S027,Free,Delhi,Romance,Movie,6,1,177,94.62
U0019,S027,Free,Mumbai,Romance,Movie,5,1,79,76.53
U0472,S027,Standard,Chennai,Romance,Movie,7,0,157,125.12
U0472,S027,Standard,Chennai,Romance,Movie,7,3,38,61.71
U0025,S027,Free,Hyderabad,Romance,Movie,5,2,41,53.46
U0284,S027,Basic,Kolkata,Romance,Movie,3,3,33,61.55
U0107,S027,Free,Pune,Romance,Movie,6,2,177,140.73
U0480,S027,Standard,Chennai,Romance,Movie,6,6,10,27.97
U0093,S027,Standard,Kolkata,Romance,Movie,6,6,112,101.81
U0064,S027,Premium,Pune,Romance,Movie,6,5,123,87.88
U0123,S028,Premium,Pune,Comedy,Movie,4,2,38,77.74
U0412,S028,Free,Bangalore,Comedy,Movie,6,1,88,90.58
U0072,S028,Free,Bangalore,Comedy,Movie,8,3,154,133.85
U0086,S028,Free,Hyderabad,Comedy,Movie,8,5,157,139.96
U0178,S028,Basic,Noida,Comedy,Movie,9,1,71,84.14
U0297,S028,Free,Hyderabad,Comedy,Movie,6,1,115,86.9
U0020,S028,Basic,Hyderabad,Comedy,Movie,7,1,161,137.39
U0419,S028,Free,Delhi,Comedy,Movie,6,2,169,137.55
U0049,S028,Basic,Kolkata,Comedy,Movie,9,0,139,120.17
U0288,S028,Premium,Delhi,Comedy,Movie,6,3,150,124.08
U0329,S028,Free,Pune,Comedy,Movie,9,6,124,114.05
U0420,S028,Basic,Bangalore,Comedy,Movie,7,1,175,95.55
U0155,S028,Free,Noida,Comedy,Movie,4,3,23,37.35
U0130,S028,Free,Chennai,Comedy,Movie,5,4,57,60.34
U0401,S028,Free,Kolkata,Comedy,Movie,7,0,96,95.78
U0499,S028,Free,Delhi,Comedy,Movie,6,1,60,88.19
U0288,S028,Premium,Delhi,Comedy,Movie,7,2,20,57.14
U0022,S028,Premium,Bangalore,Comedy,Movie,8,1,38,66.91
U0403,S028,Standard,Bangalore,Comedy,Movie,6,0,69,96.44
U0251,S028,Basic,Kolkata,Comedy,Movie,7,4,56,106.58
U0364,S028,Standard,Bangalore,Comedy,Movie,7,0,66,82.07
U0294,S028,Free,Kolkata,Comedy,Movie,7,0,68,82.85
U0101,S028,Free,Hyderabad,Comedy,Movie,8,6,116,114.42
U0211,S028,Standard,Noida,Comedy,Movie,5,2,130,108.43
U0076,S028,Free,Delhi,Comedy,Movie,6,5,39,90.15
U0239,S028,Basic,Hyderabad,Comedy,Movie,4,6,177,74.73
U0039,S028,Free,Bangalore,Comedy,Movie,4,5,12,33.69
U0030,S028,Free,Chennai,Comedy,Movie,4,1,117,104.53
U0202,S028,Standard,Hyderabad,Comedy,Movie,6,4,155,126.62
U0099,S028,Premium,Noida,Comedy,Movie,7,5,91,110.39
U0487,S028,Free,Noida,Comedy,Movie,4,6,14,40.7
U0389,S028,Standard,Hyderabad,Comedy,Movie,8,3,137,132.54
U0157,S028,Premium,Mumbai,Comedy,Movie,6,1,148,125.49
U0417,S028,Free,Chennai,Comedy,Movie,4,6,129,74.47
U0359,S028,Premium,Hyderabad,Comedy,Movie,6,6,50,68.1
U0003,S028,Free,Mumbai,Comedy,Movie,9,4,79,85.99
U0021,S028,Basic,Hyderabad,Comedy,Movie,5,0,22,59.76
U0226,S028,Basic,Hyderabad,Comedy,Movie,4,2,88,88.05
U0143,S028,Free,Kolkata,Comedy,Movie,4,6,31,51.59
U0351,S028,Free,Bangalore,Comedy,Movie,8,0,79,104.54
U0355,S028,Standard,Kolkata,Comedy,Movie,9,3,57,113.59
U0325,S028,Basic,Delhi,Comedy,Movie,7,4,71,72.06
U0059,S028,Free,Hyderabad,Comedy,Movie,7,0,11,40.1
U0248,S028,Free,Noida,Comedy,Movie,8,6,26,56.64
U0123,S028,Premium,Pune,Comedy,Movie,7,1,177,152.07
U0324,S028,Standard,Delhi,Comedy,Movie,6,3,138,127.67
U0382,S028,Standard,Bangalore,Comedy,Movie,4,6,161,144.45
U0348,S028,Basic,Delhi,Comedy,Movie,8,2,70,88.5
U0131,S028,Premium,Kolkata,Comedy,Movie,4,3,99,94.88
U0276,S028,Premium,Mumbai,Comedy,Movie,9,6,62,77.27
U0120,S028,Free,Noida,Comedy,Movie,8,3,62,76.61
U0186,S028,Free,Chennai,Comedy,Movie,6,2,108,103.38
U0438,S028,Free,Kolkata,Comedy,Movie,8,1,131,119.07
U0393,S028,Premium,Chennai,Comedy,Movie,5,2,85,95.15
U0281,S028,Free,Bangalore,Comedy,Movie,9,0,121,116.23
U0166,S028,Standard,Bangalore,Comedy,Movie,6,2,34,47.79
U0039,S028,Free,Bangalore,Comedy,Movie,5,2,75,69.33
U0131,S028,Premium,Kolkata,Comedy,Movie,4,2,172,78.34
U0077,S028,Basic,Pune,Comedy,Movie,7,2,146,134.27
U0426,S028,Standard,Chennai,Comedy,Movie,5,3,74,89.41
U0498,S028,Free,Pune,Comedy,Movie,5,3,120,79.87
U0156,S028,Free,Mumbai,Comedy,Movie,5,6,166,132.99
U0224,S028,Standard,Pune,Comedy,Movie,5,1,128,87.78
U0441,S028,Standard,Kolkata,Comedy,Movie,4,0,65,75.54
U0403,S028,Standard,Bangalore,Comedy,Movie,5,5,132,124.97
U0343,S028,Basic,Mumbai,Comedy,Movie,5,4,63,77.31
U0074,S028,Basic,Mumbai,Comedy,Movie,4,2,82,89.92
U0359,S028,Premium,Hyderabad,Comedy,Movie,7,6,115,82.9
U0210,S028,Standard,Pune,Comedy,Movie,4,6,89,97.38
U0161,S028,Standard,Chennai,Comedy,Movie,3,1,115,107.97
U0336,S028,Premium,Noida,Comedy,Movie,7,0,74,85.87
U0174,S028,Free,Hyderabad,Comedy,Movie,6,4,91,102.51
U0487,S028,Free,Noida,Comedy,Movie,6,0,143,123.51
U0475,S028,Basic,Bangalore,Comedy,Movie,7,4,137,119.32
U0193,S028,Standard,Delhi,Comedy,Movie,5,3,122,116.48
U0335,S028,Free,Chennai,Comedy,Movie,6,5,18,56.88
U0271,S028,Basic,Pune,Comedy,Movie,7,5,161,144.47
U0358,S028,Premium,Kolkata,Comedy,Movie,6,5,149,143.34
U0308,S028,Premium,Bangalore,Comedy,Movie,4,5,180,157.38
U0227,S028,Premium,Mumbai,Comedy,Movie,4,5,149,128.42
U0098,S028,Free,Delhi,Comedy,Movie,7,5,11,39.67
U0375,S028,Basic,Noida,Comedy,Movie,4,4,54,60.82
U0291,S028,Premium,Pune,Comedy,Movie,4,6,112,102.82
U0102,S028,Premium,Hyderabad,Comedy,Movie,9,6,175,143.83
U0427,S028,Premium,Noida,Comedy,Movie,4,0,81,91.78
U0288,S028,Premium,Delhi,Comedy,Movie,5,0,86,92.76
U0001,S028,Premium,Hyderabad,Comedy,Movie,7,1,65,67.07
U0336,S028,Premium,Noida,Comedy,Movie,9,5,168,148.8
U0167,S028,Free,Pune,Comedy,Movie,9,0,178,157.22
U0106,S028,Standard,Mumbai,Comedy,Movie,7,2,126,121.98
U0091,S028,Free,Delhi,Comedy,Movie,6,3,72,81.35
U0356,S028,Basic,Delhi,Comedy,Movie,5,4,26,57.73
U0220,S028,Free,Mumbai,Comedy,Movie,8,6,40,64.07
U0137,S028,Premium,Noida,Comedy,Movie,3,4,73,85.59
U0053,S028,Free,Pune,Comedy,Movie,5,1,108,98.17
U0230,S028,Free,Hyderabad,Comedy,Movie,5,3,76,78.94
U0255,S028,Standard,Bangalore,Comedy,Movie,5,5,132,124.27
U0246,S028,Basic,Noida,Comedy,Movie,4,3,106,96.57
U0323,S028,Premium,Delhi,Comedy,Movie,7,5,161,137.81
U0219,S028,Standard,Delhi,Comedy,Movie,7,3,49,53.62
U0289,S028,Premium,Mumbai,Comedy,Movie,8,4,122,108.5
U0284,S028,Basic,Kolkata,Comedy,Movie,7,0,164,144.69
U0141,S028,Free,Bangalore,Comedy,Movie,4,3,52,68.07
U0300,S028,Free,Bangalore,Comedy,Movie,6,6,85,81.75
U0148,S029,Basic,Pune,Action,Movie,9,0,72,87.52
U0241,S029,Standard,Delhi,Action,Movie,6,0,132,106.76
U0120,S029,Free,Noida,Action,Movie,7,6,98,96.38
U0445,S029,Free,Bangalore,Action,Movie,5,4,106,100.08
U0442,S029,Free,Noida,Action,Movie,8,3,33,58.66
U0316,S029,Premium,Bangalore,Action,Movie,4,0,120,113.91
U0282,S029,Free,Noida,Action,Movie,9,4,10,42.54
U0098,S029,Free,Delhi,Action,Movie,7,5,111,87.23
U0117,S029,Basic,Kolkata,Action,Movie,9,6,163,136.02
U0334,S029,Free,Noida,Action,Movie,4,3,126,124.46
U0121,S029,Premium,Chennai,Action,Movie,5,5,179,152.63
U0077,S029,Basic,Pune,Action,Movie,4,3,162,142.19
U0146,S029,Free,Delhi,Action,Movie,4,2,69,77.24
U0256,S029,Basic,Delhi,Action,Movie,9,5,16,51.98
U0004,S029,Premium,Bangalore,Action,Movie,9,4,23,51.3
U0361,S029,Free,Mumbai,Action,Movie,4,4,119,113.48
U0201,S029,Premium,Chennai,Action,Movie,4,4,146,135.75
U0456,S029,Free,Kolkata,Action,Movie,4,3,118,114.4
U0268,S029,Premium,Pune,Action,Movie,4,4,170,147.06
U0447,S029,Free,Noida,Action,Movie,9,3,114,111.76
U0045,S029,Basic,Bangalore,Action,Movie,9,1,92,90.0
U0118,S029,Standard,Hyderabad,Action,Movie,4,3,62,93.99
U0024,S029,Basic,Chennai,Action,Movie,9,5,180,144.7
U0489,S029,Free,Hyderabad,Action,Movie,7,2,107,109.39
U0224,S029,Standard,Pune,Action,Movie,4,4,131,121.28
U0371,S029,Free,Pune,Action,Movie,5,6,68,73.31
U0377,S029,Free,Bangalore,Action,Movie,8,4,117,122.25
U0109,S029,Standard,Noida,Action,Movie,4,3,145,132.53
U0447,S029,Free,Noida,Action,Movie,9,2,173,115.69
U0482,S029,Free,Pune,Action,Movie,7,0,33,53.6
U0162,S029,Free,Pune,Action,Movie,4,0,141,128.43
U0310,S029,Standard,Noida,Action,Movie,8,1,157,138.75
U0219,S029,Standard,Delhi,Action,Movie,7,6,29,75.11
U0496,S029,Standard,Hyderabad,Action,Movie,7,4,142,120.46
U0277,S029,Basic,Hyderabad,Action,Movie,7,1,72,77.84
U0317,S029,Basic,Bangalore,Action,Movie,4,1,48,66.78
U0251,S029,Basic,Kolkata,Action,Movie,3,4,140,129.79666666666665
U0207,S029,Basic,Hyderabad,Action,Movie,8,4,126,128.79
U0234,S029,Premium,Delhi,Action,Movie,4,2,76,121.05
U0395,S029,Premium,Mumbai,Action,Movie,4,2,155,106.96
U0096,S029,Premium,Chennai,Action,Movie,8,2,175,80.75
U0473,S029,Free,Pune,Action,Movie,5,4,25,44.17
U0294,S029,Free,Kolkata,Action,Movie,6,5,152,137.28
U0490,S029,Basic,Bangalore,Action,Movie,7,6,66,76.42
U0017,S029,Premium,Mumbai,Action,Movie,9,3,129,72.5
U0096,S029,Premium,Chennai,Action,Movie,4,2,19,53.02
U0194,S029,Free,Hyderabad,Action,Movie,5,2,24,53.04
U0340,S029,Premium,Bangalore,Action,Movie,6,3,112,98.02
U0142,S029,Free,Mumbai,Action,Movie,7,1,55,74.35
U0459,S029,Premium,Bangalore,Action,Movie,7,3,63,78.71
U0054,S029,Standard,Kolkata,Action,Movie,4,3,106,125.16
U0500,S029,Basic,Delhi,Action,Movie,6,5,88,89.49
U0496,S029,Standard,Hyderabad,Action,Movie,5,6,59,93.28
U0008,S029,Free,Hyderabad,Action,Movie,7,2,161,135.89
U0098,S029,Free,Delhi,Action,Movie,6,6,31,45.66
U0180,S029,Basic,Hyderabad,Action,Movie,9,4,135,129.89
U0151,S029,Basic,Noida,Action,Movie,5,3,98,98.86
U0385,S029,Standard,Chennai,Action,Movie,9,6,65,83.43
U0253,S029,Free,Noida,Action,Movie,5,6,168,63.41
U0455,S029,Free,Kolkata,Action,Movie,4,3,168,144.48
U0192,S029,Premium,Bangalore,Action,Movie,7,6,162,99.01
U0114,S029,Free,Chennai,Action,Movie,9,2,138,124.37
U0434,S029,Free,Hyderabad,Action,Movie,4,2,90,102.12
U0392,S029,Free,Bangalore,Action,Movie,7,2,60,78.14
U0460,S029,Free,Hyderabad,Action,Movie,4,5,23,138.85
U0343,S029,Basic,Mumbai,Action,Movie,9,1,40,59.13
U0188,S029,Free,Mumbai,Action,Movie,8,0,172,140.14
U0404,S029,Premium,Delhi,Action,Movie,4,2,175,78.34
U0326,S029,Basic,Hyderabad,Action,Movie,5,3,160,144.79
U0064,S029,Premium,Pune,Action,Movie,6,6,134,109.41
U0492,S029,Free,Delhi,Action,Movie,7,1,78,80.81
U0232,S029,Basic,Bangalore,Action,Movie,5,5,89,94.28
U0215,S029,Free,Bangalore,Action,Movie,7,1,142,64.93
U0182,S029,Basic,Pune,Action,Movie,8,2,76,82.64
U0006,S029,Premium,Pune,Action,Movie,5,4,67,118.5
U0039,S029,Free,Bangalore,Action,Movie,5,5,63,63.75
U0170,S029,Free,Noida,Action,Movie,7,5,88,109.42
U0130,S029,Free,Chennai,Action,Movie,7,1,50,65.73
U0491,S029,Standard,Delhi,Action,Movie,6,2,133,102.5
U0174,S029,Free,Hyderabad,Action,Movie,4,1,172,150.09
U0463,S029,Free,Mumbai,Action,Movie,6,5,123,115.6
U0136,S029,Standard,Mumbai,Action,Movie,8,3,148,130.62
U0116,S029,Basic,Pune,Action,Movie,4,6,51,68.15
U0492,S029,Free,Delhi,Action,Movie,4,1,132,126.14
U0258,S029,Free,Pune,Action,Movie,6,5,110,109.17
U0141,S029,Free,Bangalore,Action,Movie,7,4,123,111.04
U0362,S029,Standard,Delhi,Action,Movie,4,6,122,106.24
U0181,S029,Basic,Bangalore,Action,Movie,7,0,114,113.38
U0108,S030,Free,Hyderabad,Thriller,Series,3,5,64,69.4
U0266,S030,Premium,Pune,Thriller,Series,9,1,162,125.1
U0065,S030,Basic,Chennai,Thriller,Series,8,5,12,34.31
U0146,S030,Free,Delhi,Thriller,Series,6,5,46,70.95
U0011,S030,Free,Kolkata,Thriller,Series,7,2,86,85.52
U0224,S030,Standard,Pune,Thriller,Series,6,3,102,91.98
U0467,S030,Basic,Mumbai,Thriller,Series,6,0,83,78.03
U0153,S030,Premium,Noida,Thriller,Series,6,3,26,47.24
U0084,S030,Free,Bangalore,Thriller,Series,7,0,120,102.69
U0090,S030,Free,Noida,Thriller,Series,8,3,72,78.44
U0144,S030,Basic,Mumbai,Thriller,Series,8,5,32,48.77
U0121,S030,Premium,Chennai,Thriller,Series,4,5,158,132.45
U0133,S030,Standard,Mumbai,Thriller,Series,6,1,139,99.41
U0282,S030,Free,Noida,Thriller,Series,3,4,43,53.21
U0261,S030,Free,Mumbai,Thriller,Series,5,5,105,97.99
U0292,S030,Free,Mumbai,Thriller,Series,9,3,77,75.42
U0032,S030,Free,Noida,Thriller,Series,3,4,128,82.74
U0376,S030,Premium,Chennai,Thriller,Series,6,1,33,53.9
U0162,S030,Free,Pune,Thriller,Series,7,2,91,94.1
U0350,S030,Basic,Kolkata,Thriller,Series,9,1,127,87.54
U0260,S030,Free,Kolkata,Thriller,Series,5,6,48,60.73
U0248,S030,Free,Noida,Thriller,Series,4,1,140,125.62
U0021,S030,Basic,Hyderabad,Thriller,Series,8,2,22,44.66
U0477,S030,Premium,Mumbai,Thriller,Series,7,0,122,72.54
U0432,S030,Basic,Chennai,Thriller,Series,6,1,21,36.45
U0213,S030,Basic,Chennai,Thriller,Series,6,3,58,70.14
U0298,S030,Basic,Noida,Thriller,Series,8,2,30,43.63
U0057,S030,Standard,Mumbai,Thriller,Series,4,2,56,76.14
U0260,S030,Free,Kolkata,Thriller,Series,6,4,111,99.37
U0233,S030,Free,Delhi,Thriller,Series,4,4,22,47.04
U0032,S030,Free,Noida,Thriller,Series,7,5,83,91.03
U0294,S030,Free,Kolkata,Thriller,Series,6,0,95,94.84
U0223,S030,Premium,Delhi,Thriller,Series,8,1,12,31.75
U0351,S030,Free,Bangalore,Thriller,Series,8,5,71,79.76
U0030,S030,Free,Chennai,Thriller,Series,8,4,110,97.55
U0240,S030,Basic,Delhi,Thriller,Series,4,4,156,137.68
U0012,S030,Free,Hyderabad,Thriller,Series,4,5,62,77.02
U0033,S030,Basic,Hyderabad,Thriller,Series,8,0,59,61.15
U0450,S030,Free,Mumbai,Thriller,Series,9,2,56,61.76
U0347,S030,Free,Hyderabad,Thriller,Series,4,2,139,115.0
U0094,S030,Basic,Noida,Thriller,Series,4,5,147,134.34
U0451,S030,Free,Pune,Thriller,Series,5,5,70,74.68
U0129,S030,Standard,Chennai,Thriller,Series,5,4,165,131.72
U0373,S030,Premium,Delhi,Thriller,Series,5,2,119,106.88
U0293,S030,Free,Bangalore,Thriller,Series,7,4,49,67.74
U0316,S030,Premium,Bangalore,Thriller,Series,4,0,96,92.12
U0224,S030,Standard,Pune,Thriller,Series,4,0,150,91.43
U0469,S030,Premium,Chennai,Thriller,Series,5,3,158,98.06
U0180,S030,Basic,Hyderabad,Thriller,Series,4,2,170,150.68
U0066,S030,Free,Chennai,Thriller,Series,8,3,140,124.67
U0209,S030,Free,Hyderabad,Thriller,Series,5,4,73,80.55
U0427,S030,Premium,Noida,Thriller,Series,6,4,127,103.47
U0343,S030,Basic,Mumbai,Thriller,Series,4,4,84,88.53
U0182,S030,Basic,Pune,Thriller,Series,5,3,93,93.05
U0035,S030,Premium,Delhi,Thriller,Series,7,4,101,90.78
U0402,S030,Basic,Kolkata,Thriller,Series,4,6,110,89.63
U0118,S030,Standard,Hyderabad,Thriller,Series,6,4,164,98.0
U0367,S030,Basic,Chennai,Thriller,Series,6,3,153,83.8
U0285,S030,Free,Mumbai,Thriller,Series,6,3,162,134.97
U0115,S030,Basic,Noida,Thriller,Series,4,1,37,61.04
U0175,S030,Basic,Mumbai,Thriller,Series,9,2,108,92.46
U0387,S030,Free,Hyderabad,Thriller,Series,4,1,56,63.94
U0189,S030,Free,Mumbai,Thriller,Series,4,2,125,105.43
U0034,S030,Standard,Pune,Thriller,Series,8,3,88,93.87
U0056,S030,Free,Bangalore,Thriller,Series,8,6,102,96.96
U0482,S030,Free,Pune,Thriller,Series,8,5,143,110.98
U0099,S030,Premium,Noida,Thriller,Series,6,0,39,52.7
U0015,S030,Free,Delhi,Thriller,Series,6,4,164,134.12
U0216,S030,Standard,Delhi,Thriller,Series,7,2,107,98.3
U0337,S030,Basic,Bangalore,Thriller,Series,6,3,57,76.46
U0246,S030,Basic,Noida,Thriller,Series,6,3,126,96.41
U0375,S030,Basic,Noida,Thriller,Series,5,5,131,113.41
U0381,S030,Free,Delhi,Thriller,Series,5,4,62,66.75
U0424,S030,Premium,Kolkata,Thriller,Series,4,5,82,90.81
U0144,S030,Basic,Mumbai,Thriller,Series,4,1,77,74.48
U0049,S030,Basic,Kolkata,Thriller,Series,7,6,47,69.78
U0097,S030,Basic,Noida,Thriller,Series,6,0,52,60.0
U0063,S030,Basic,Bangalore,Thriller,Series,4,1,109,85.04
U0197,S030,Standard,Delhi,Thriller,Series,8,0,38,55.21
U0479,S030,Free,Chennai,Thriller,Series,5,3,171,138.68
U0220,S030,Free,Mumbai,Thriller,Series,5,4,13,81.75
U0463,S030,Free,Mumbai,Thriller,Series,3,5,117,104.26
U0009,S030,Basic,Mumbai,Thriller,Series,7,6,38,50.05
U0289,S030,Premium,Mumbai,Thriller,Series,9,4,76,83.84
U0485,S030,Basic,Chennai,Thriller,Series,7,1,80,69.35
U0247,S030,Free,Mumbai,Thriller,Series,7,6,166,76.78
U0424,S030,Premium,Kolkata,Thriller,Series,8,2,21,49.61
U0423,S030,Basic,Hyderabad,Thriller,Series,5,1,112,97.89
U0238,S030,Premium,Pune,Thriller,Series,9,6,164,102.99
